date,btim,replicate,count_beads,cell_counts,experiment_number
29-NOV-2024,20:03:20.13,1,1141,25324,100
29-NOV-2024,20:04:26.52,2,1003,51650,100
29-NOV-2024,20:05:29.84,3,1003,60367,100
29-NOV-2024,20:06:35.71,1,985,134508,101
29-NOV-2024,20:07:38.46,2,978,84831,101
29-NOV-2024,20:08:44.96,3,1004,115785,101
29-NOV-2024,20:09:47.99,1,1078,89727,102
29-NOV-2024,20:10:54.54,2,1002,67156,102
29-NOV-2024,20:11:57.97,3,1073,38633,102
29-NOV-2024,20:13:04.94,1,959,110143,103
29-NOV-2024,20:14:08.90,2,1049,110622,103
29-NOV-2024,20:15:15.27,3,1074,151231,103
29-NOV-2024,20:16:17.81,1,971,113319,104
29-NOV-2024,20:17:24.02,2,1022,137383,104
29-NOV-2024,20:18:26.90,3,1097,48609,104
16-JAN-2025,19:53:54.10,1,989,40046,105
16-JAN-2025,19:54:51.43,2,1040,35724,105
16-JAN-2025,19:55:48.30,3,937,33864,105
16-JAN-2025,19:56:45.58,1,1028,23862,106
16-JAN-2025,19:57:43.47,2,1024,23449,106
16-JAN-2025,19:58:40.93,3,948,22424,106
16-JAN-2025,19:59:37.27,1,1109,18668,107
16-JAN-2025,20:00:34.55,2,1017,16144,107
16-JAN-2025,20:01:29.41,3,1045,12656,107
06-DEC-2024,16:05:41.78,1,1076,112086,1089
06-DEC-2024,16:07:03.07,2,1069,80440,1089
06-DEC-2024,16:08:20.92,3,1044,78110,1089
16-JAN-2025,20:03:25.10,1,936,10642,108
16-JAN-2025,20:04:22.36,2,1041,10687,108
16-JAN-2025,20:05:20.27,3,1050,15319,108
06-DEC-2024,16:09:40.72,1,1159,15807,1090
06-DEC-2024,16:10:59.51,2,1112,8,1090
06-DEC-2024,16:12:18.15,3,1194,6,1090
06-DEC-2024,16:13:36.98,1,1135,159491,1091
06-DEC-2024,16:14:57.01,2,1044,161286,1091
06-DEC-2024,16:16:13.59,3,1090,153983,1091
06-DEC-2024,16:17:33.14,1,1124,169452,1092
06-DEC-2024,16:18:50.23,2,1033,87246,1092
06-DEC-2024,16:20:10.67,3,1087,22749,1092
06-DEC-2024,16:24:19.04,1,1105,21806,1093
06-DEC-2024,16:25:38.37,2,1139,4277,1093
06-DEC-2024,16:26:54.68,3,1178,6475,1093
06-DEC-2024,16:28:14.46,1,1138,7395,1094
06-DEC-2024,16:29:30.70,2,1180,6219,1094
06-DEC-2024,16:30:50.44,3,1072,10285,1094
06-DEC-2024,16:32:07.18,1,1068,72671,1095
06-DEC-2024,16:33:26.60,2,1129,45353,1095
06-DEC-2024,16:34:43.77,3,1045,39569,1095
06-DEC-2024,16:36:04.55,1,1121,41882,1096
06-DEC-2024,16:37:21.86,2,1105,18927,1096
06-DEC-2024,16:38:41.69,3,1028,21566,1096
06-DEC-2024,16:39:58.21,1,1049,78588,1097
06-DEC-2024,16:41:17.28,2,1101,76077,1097
06-DEC-2024,16:42:34.03,3,1040,85068,1097
06-DEC-2024,16:43:54.01,1,1162,101606,1098
06-DEC-2024,16:45:09.97,2,1134,80712,1098
06-DEC-2024,16:46:31.35,3,1055,37696,1098
06-DEC-2024,16:47:48.73,1,1065,82089,1099
06-DEC-2024,16:49:08.18,2,1152,41236,1099
06-DEC-2024,16:50:25.04,3,1088,70624,1099
16-JAN-2025,20:06:19.58,1,1096,15095,109
16-JAN-2025,20:07:16.43,2,1084,16533,109
16-JAN-2025,20:08:12.26,3,1040,15501,109
06-DEC-2024,16:51:44.49,1,1071,27308,1100
06-DEC-2024,16:53:01.40,2,1069,104604,1100
06-DEC-2024,16:54:21.19,3,1042,89408,1100
06-DEC-2024,16:55:38.47,1,1032,66448,1101
06-DEC-2024,16:56:57.86,2,1075,39029,1101
06-DEC-2024,16:58:18.93,3,1062,90118,1101
06-DEC-2024,16:59:37.78,1,1088,82546,1102
06-DEC-2024,17:00:55.04,2,1002,35942,1102
06-DEC-2024,17:02:15.49,3,1069,30060,1102
06-DEC-2024,17:03:32.25,1,974,89352,1103
06-DEC-2024,17:04:51.83,2,975,98751,1103
06-DEC-2024,17:06:09.65,3,1065,87959,1103
06-DEC-2024,17:07:29.11,1,1079,23658,1104
06-DEC-2024,17:08:45.31,2,1096,46611,1104
06-DEC-2024,17:10:05.20,3,989,9923,1104
16-JAN-2025,20:09:12.12,1,1095,13425,110
16-JAN-2025,20:10:08.80,2,1036,9995,110
16-JAN-2025,20:11:05.30,3,989,10373,110
24-JAN-2025,12:28:07.71,1,1238,257598,1111
24-JAN-2025,12:29:20.03,2,1165,251407,1111
24-JAN-2025,12:30:36.35,3,1187,285955,1111
24-JAN-2025,12:31:49.08,4,1210,226950,1111
24-JAN-2025,12:33:05.35,5,1177,261912,1111
24-JAN-2025,12:34:18.14,6,1141,277562,1111
24-JAN-2025,12:35:33.99,1,1205,245846,1112
24-JAN-2025,12:36:45.78,2,1171,233148,1112
24-JAN-2025,12:38:01.78,3,1177,230134,1112
24-JAN-2025,12:39:14.68,4,1074,242600,1112
24-JAN-2025,12:40:30.59,5,1213,209207,1112
24-JAN-2025,12:41:43.40,6,1324,198002,1112
24-JAN-2025,12:42:59.73,1,1273,227417,1113
24-JAN-2025,12:44:12.09,2,1240,258736,1113
24-JAN-2025,12:45:27.96,3,1238,264996,1113
24-JAN-2025,12:46:40.14,4,1180,252592,1113
24-JAN-2025,12:47:56.01,5,1235,275998,1113
24-JAN-2025,12:49:07.89,6,1216,268767,1113
24-JAN-2025,12:50:23.39,1,1293,20303,1114
24-JAN-2025,12:51:35.62,2,1217,110900,1114
24-JAN-2025,12:52:51.62,3,1242,70679,1114
24-JAN-2025,12:54:03.86,4,1335,15118,1114
24-JAN-2025,12:55:20.21,5,1286,66640,1114
24-JAN-2025,12:56:32.11,6,1286,55839,1114
24-JAN-2025,12:57:48.00,1,1270,139241,1115
24-JAN-2025,12:58:59.97,2,1210,128400,1115
24-JAN-2025,13:00:15.96,3,1332,50700,1115
24-JAN-2025,13:01:28.27,4,1294,56470,1115
24-JAN-2025,13:02:44.65,5,1322,79475,1115
24-JAN-2025,13:03:56.97,6,1269,49887,1115
24-JAN-2025,13:05:12.91,1,1216,76018,1116
24-JAN-2025,13:06:25.26,2,1262,81972,1116
24-JAN-2025,13:07:41.61,3,1278,24530,1116
24-JAN-2025,13:08:53.44,4,1249,51755,1116
24-JAN-2025,13:10:08.91,5,1249,56113,1116
24-JAN-2025,13:11:20.79,6,1181,22152,1116
24-JAN-2025,13:12:36.28,1,1299,171422,1117
24-JAN-2025,13:13:48.65,2,1157,230269,1117
24-JAN-2025,13:15:04.56,3,1199,176690,1117
24-JAN-2025,13:16:16.45,4,1124,187212,1117
24-JAN-2025,13:17:32.40,5,1278,100236,1117
24-JAN-2025,13:18:44.32,6,1378,100280,1117
24-JAN-2025,13:20:00.26,1,1303,132093,1118
24-JAN-2025,13:21:12.12,2,1230,151794,1118
24-JAN-2025,13:22:27.63,3,1293,99533,1118
24-JAN-2025,13:23:39.62,4,1299,51650,1118
24-JAN-2025,13:24:55.60,5,1313,54658,1118
24-JAN-2025,13:26:07.56,6,1300,62879,1118
24-JAN-2025,13:27:23.49,1,1062,278437,1119
24-JAN-2025,13:28:35.33,2,1022,301312,1119
24-JAN-2025,13:29:51.67,3,1409,120946,1119
24-JAN-2025,13:31:03.62,4,1313,83240,1119
24-JAN-2025,13:32:19.98,5,1372,145584,1119
24-JAN-2025,13:33:32.31,6,1319,216872,1119
16-JAN-2025,20:13:00.51,1,1005,106442,111
16-JAN-2025,20:13:56.87,2,985,72904,111
16-JAN-2025,20:14:55.86,3,991,142170,111
24-JAN-2025,13:34:48.20,1,1287,204595,1120
24-JAN-2025,13:36:00.04,2,1325,213576,1120
24-JAN-2025,13:37:16.01,3,1231,234439,1120
24-JAN-2025,13:38:28.51,4,1084,217380,1120
24-JAN-2025,13:39:44.42,5,1297,233573,1120
24-JAN-2025,13:40:56.29,6,1273,189405,1120
16-JAN-2025,20:15:52.11,1,1110,131606,112
16-JAN-2025,20:16:48.43,2,1106,145915,112
16-JAN-2025,20:17:46.90,3,962,131735,112
19-MAR-2025,13:23:51.15,1,1355,139875,1138
19-MAR-2025,13:36:38.54,2,1360,128984,1138
19-MAR-2025,13:49:28.80,3,1461,127175,1138
19-MAR-2025,14:02:16.61,4,1382,143483,1138
19-MAR-2025,14:15:04.32,5,1343,134866,1138
19-MAR-2025,14:27:52.04,6,1394,151471,1138
19-MAR-2025,13:12:18.20,1,1332,214327,1139
19-MAR-2025,13:25:06.17,2,1451,76127,1139
19-MAR-2025,13:37:53.09,3,1196,62227,1139
19-MAR-2025,13:50:43.36,4,1316,64190,1139
19-MAR-2025,14:03:30.78,5,1366,69207,1139
19-MAR-2025,14:16:18.96,6,1404,75857,1139
16-JAN-2025,20:18:43.39,1,1083,110429,113
16-JAN-2025,20:19:39.25,2,969,107808,113
16-JAN-2025,20:20:38.73,3,1016,89985,113
16-JAN-2025,20:22:32.72,4,973,120064,113
16-JAN-2025,20:23:31.72,5,1075,115724,113
16-JAN-2025,20:24:28.60,6,1039,100914,113
16-JAN-2025,20:25:24.91,7,1105,120278,113
16-JAN-2025,20:26:24.97,8,964,113222,113
16-JAN-2025,20:27:22.32,9,998,98825,113
19-MAR-2025,13:13:37.28,1,1250,203534,1140
19-MAR-2025,13:26:24.99,2,1409,36758,1140
19-MAR-2025,13:39:11.25,3,1132,55585,1140
19-MAR-2025,13:52:02.57,4,1354,52341,1140
19-MAR-2025,14:04:50.40,5,1444,39363,1140
19-MAR-2025,14:17:37.23,6,1350,60988,1140
19-MAR-2025,13:14:51.19,1,1384,190156,1141
19-MAR-2025,13:27:39.53,2,1432,62387,1141
19-MAR-2025,13:40:25.98,3,1300,51587,1141
19-MAR-2025,13:53:16.54,4,1328,55287,1141
19-MAR-2025,14:06:04.62,5,1291,26889,1141
19-MAR-2025,14:18:51.33,6,1293,47012,1141
19-MAR-2025,13:16:11.19,1,1237,162000,1142
19-MAR-2025,13:28:58.10,2,1209,44777,1142
19-MAR-2025,13:41:45.60,3,1340,52316,1142
19-MAR-2025,13:54:35.26,4,1195,63211,1142
19-MAR-2025,14:07:23.29,5,1295,23851,1142
19-MAR-2025,14:20:10.53,6,1172,55424,1142
19-MAR-2025,13:17:25.77,1,1348,135595,1143
19-MAR-2025,13:30:12.14,2,1417,41595,1143
19-MAR-2025,13:43:00.13,3,1451,49491,1143
19-MAR-2025,13:55:50.06,4,1250,64800,1143
19-MAR-2025,14:08:37.85,5,1399,26105,1143
19-MAR-2025,14:21:25.15,6,1250,59835,1143
19-MAR-2025,13:18:43.95,1,1422,128305,1144
19-MAR-2025,13:31:30.64,2,1368,57506,1144
19-MAR-2025,13:44:20.38,3,1405,56666,1144
19-MAR-2025,13:57:08.69,4,1234,62730,1144
19-MAR-2025,14:09:56.42,5,1281,20395,1144
19-MAR-2025,14:22:43.77,6,1348,73439,1144
19-MAR-2025,13:19:57.97,1,1364,103339,1145
19-MAR-2025,13:32:46.22,2,1424,73459,1145
19-MAR-2025,13:45:34.52,3,1336,63448,1145
19-MAR-2025,13:58:23.01,4,1356,63248,1145
19-MAR-2025,14:11:11.94,5,1246,17311,1145
19-MAR-2025,14:23:58.92,6,1242,87601,1145
19-MAR-2025,13:21:16.97,1,1397,146129,1146
19-MAR-2025,13:34:05.81,2,1280,122756,1146
19-MAR-2025,13:46:54.15,3,1428,87717,1146
19-MAR-2025,13:59:42.28,4,1286,83962,1146
19-MAR-2025,14:12:30.28,5,1176,4768,1146
19-MAR-2025,14:25:17.70,6,1235,117790,1146
19-MAR-2025,13:22:32.59,1,1451,109264,1147
19-MAR-2025,13:35:20.40,2,1348,62570,1147
19-MAR-2025,13:48:09.68,3,1424,36394,1147
19-MAR-2025,14:00:56.94,4,1481,165,1147
19-MAR-2025,14:13:44.88,5,1347,1,1147
19-MAR-2025,14:26:33.27,6,1544,13232,1147
16-JAN-2025,20:28:18.84,1,1110,5403,114
16-JAN-2025,20:29:17.28,2,994,19953,114
16-JAN-2025,20:30:12.14,3,1096,17738,114
16-JAN-2025,20:31:09.06,4,1036,16715,114
16-JAN-2025,20:32:08.10,5,1062,61923,114
16-JAN-2025,20:33:05.93,6,1127,56006,114
16-JAN-2025,20:34:02.82,7,1141,17227,114
16-JAN-2025,20:35:01.61,8,1211,70427,114
16-JAN-2025,20:35:58.94,9,1058,56563,114
16-JAN-2025,20:36:55.28,1,1072,12342,115
16-JAN-2025,20:37:54.21,2,1096,17085,115
16-JAN-2025,20:38:51.09,3,1087,7573,115
06-DEC-2024,12:09:48.25,1,961,195681,1169
06-DEC-2024,12:11:03.06,2,979,198299,1169
06-DEC-2024,12:12:24.31,3,991,225168,1169
16-JAN-2025,20:39:49.05,1,991,22119,116
16-JAN-2025,20:40:48.49,2,1140,20524,116
16-JAN-2025,20:41:44.91,3,999,74712,116
06-DEC-2024,12:13:39.95,1,1045,163167,1170
06-DEC-2024,12:14:59.25,2,1034,216703,1170
06-DEC-2024,12:16:15.33,3,997,60449,1170
06-DEC-2024,12:17:34.81,1,968,80245,1171
06-DEC-2024,12:18:51.33,2,1103,53415,1171
06-DEC-2024,12:20:09.89,3,1036,25368,1171
06-DEC-2024,12:21:25.47,1,1076,29752,1172
06-DEC-2024,12:22:43.52,2,1179,33164,1172
06-DEC-2024,12:23:58.82,3,1077,81423,1172
06-DEC-2024,12:25:18.89,1,863,209954,1173
06-DEC-2024,12:26:33.41,2,869,190979,1173
06-DEC-2024,12:27:52.48,3,888,174288,1173
06-DEC-2024,12:29:07.93,1,920,164173,1174
06-DEC-2024,12:30:27.00,2,907,152211,1174
06-DEC-2024,12:31:42.82,3,984,136774,1174
06-DEC-2024,12:33:03.46,1,987,208362,1175
06-DEC-2024,12:34:18.97,2,965,218392,1175
06-DEC-2024,12:35:38.56,3,1065,221850,1175
06-DEC-2024,12:36:54.53,1,1087,254838,1176
06-DEC-2024,12:45:10.62,2,936,228232,1176
06-DEC-2024,12:46:25.78,3,977,217435,1176
06-DEC-2024,12:47:45.84,1,1014,202593,1177
06-DEC-2024,12:49:01.43,2,944,189200,1177
06-DEC-2024,12:50:21.19,3,989,131059,1177
06-DEC-2024,12:51:38.39,1,1100,117410,1178
06-DEC-2024,12:52:58.00,2,976,192043,1178
06-DEC-2024,12:54:12.99,3,1061,182904,1178
06-DEC-2024,12:55:32.59,1,1064,134708,1179
06-DEC-2024,12:56:48.03,2,1054,152135,1179
06-DEC-2024,12:58:07.76,3,972,126962,1179
16-JAN-2025,21:03:10.88,1,947,197131,117
16-JAN-2025,21:04:08.35,2,1104,152949,117
16-JAN-2025,21:05:05.82,3,920,155872,117
06-DEC-2024,12:59:23.82,1,1003,129108,1180
06-DEC-2024,13:00:43.36,2,957,85857,1180
06-DEC-2024,13:01:58.36,3,951,96103,1180
06-DEC-2024,13:03:17.66,1,1004,149629,1181
06-DEC-2024,13:04:33.82,2,967,158528,1181
06-DEC-2024,13:05:52.99,3,900,163131,1181
06-DEC-2024,13:07:09.08,1,853,191425,1182
06-DEC-2024,13:08:28.29,2,1023,134234,1182
06-DEC-2024,13:09:43.33,3,1142,97367,1182
24-JAN-2025,13:44:36.21,1,1026,263292,1188
24-JAN-2025,13:45:51.30,2,968,297745,1188
24-JAN-2025,13:47:07.71,3,961,279656,1188
24-JAN-2025,13:48:25.14,4,887,258759,1188
24-JAN-2025,13:49:41.72,5,992,317067,1188
24-JAN-2025,13:50:53.64,6,992,265624,1188
24-JAN-2025,13:52:09.23,1,879,263361,1189
24-JAN-2025,13:53:21.64,2,1073,270360,1189
24-JAN-2025,13:54:37.29,3,1058,294527,1189
24-JAN-2025,13:55:49.45,4,1259,298120,1189
24-JAN-2025,13:57:05.48,5,666,255547,1189
24-JAN-2025,13:58:17.94,6,979,260364,1189
16-JAN-2025,21:06:03.91,1,982,183594,118
16-JAN-2025,21:07:02.37,2,1028,162413,118
16-JAN-2025,21:07:59.85,3,1021,151781,118
16-JAN-2025,21:09:55.89,1,951,155759,119
16-JAN-2025,21:10:54.91,2,903,163359,119
16-JAN-2025,21:11:52.27,3,953,206650,119
16-JAN-2025,21:12:50.30,4,932,164380,119
16-JAN-2025,21:13:47.39,5,963,170790,119
16-JAN-2025,21:14:44.92,6,872,144496,119
16-JAN-2025,21:15:42.31,7,956,167735,119
16-JAN-2025,21:16:40.14,8,935,175406,119
16-JAN-2025,21:17:37.58,9,985,171052,119
16-JAN-2025,21:19:32.13,1,999,183282,120
16-JAN-2025,21:20:30.20,2,868,149983,120
16-JAN-2025,21:21:27.79,3,963,181461,120
16-JAN-2025,21:22:25.31,4,926,166357,120
16-JAN-2025,21:23:22.67,5,985,123589,120
16-JAN-2025,21:24:21.12,6,882,111084,120
16-JAN-2025,21:25:19.06,7,929,151569,120
16-JAN-2025,21:26:17.72,8,983,108512,120
16-JAN-2025,21:27:15.78,9,1057,101505,120
16-JAN-2025,21:28:13.34,1,1039,26186,121
16-JAN-2025,21:29:10.43,2,896,68000,121
16-JAN-2025,21:30:08.47,3,969,89276,121
16-JAN-2025,21:31:06.03,1,852,40998,122
16-JAN-2025,21:32:03.50,2,859,9922,122
16-JAN-2025,21:33:01.67,3,798,29173,122
12-MAR-2025,16:28:40.56,1,1318,10362,124
12-MAR-2025,16:29:55.80,2,1449,3647,124
12-MAR-2025,16:31:15.01,3,1076,237954,124
12-MAR-2025,16:32:29.62,4,1565,6710,124
12-MAR-2025,16:33:48.85,5,1310,334926,124
12-MAR-2025,16:35:03.53,6,1337,166041,124
12-MAR-2025,16:36:22.95,1,1365,194889,125
12-MAR-2025,16:37:38.61,2,1283,216701,125
12-MAR-2025,16:38:57.47,3,1287,191475,125
12-MAR-2025,16:40:13.62,4,1341,178675,125
12-MAR-2025,16:41:32.93,1,1359,116657,126
12-MAR-2025,16:42:48.53,2,1336,135417,126
12-MAR-2025,16:44:08.16,3,1400,128402,126
12-MAR-2025,16:45:22.96,4,1317,123932,126
12-MAR-2025,16:46:42.16,1,1321,120389,127
12-MAR-2025,16:47:57.83,2,1381,101487,127
12-MAR-2025,16:49:17.48,3,1417,71239,127
12-MAR-2025,16:50:32.58,4,1359,58074,127
12-MAR-2025,16:51:52.17,1,1401,44434,128
12-MAR-2025,16:53:08.54,2,1436,55663,128
12-MAR-2025,16:54:28.84,3,1431,68290,128
12-MAR-2025,16:55:46.62,4,1493,40867,128
12-MAR-2025,16:57:06.92,1,1470,65486,129
12-MAR-2025,16:58:22.06,2,1508,33510,129
12-MAR-2025,16:59:41.27,3,1519,26886,129
12-MAR-2025,17:00:55.84,4,1302,70867,129
12-MAR-2025,17:02:15.16,1,1386,56008,130
12-MAR-2025,17:03:29.94,2,1322,52557,130
12-MAR-2025,17:04:49.30,3,1308,62570,130
12-MAR-2025,17:06:03.98,4,1324,74429,130
12-MAR-2025,17:07:23.22,1,1170,145855,131
12-MAR-2025,17:08:38.29,2,1265,134209,131
12-MAR-2025,17:09:57.16,3,1270,153646,131
12-MAR-2025,17:11:12.42,4,1196,171722,131
12-MAR-2025,17:20:17.86,1,1300,86401,132
12-MAR-2025,17:21:33.13,2,1230,44359,132
12-MAR-2025,17:22:52.96,3,1161,119022,132
12-MAR-2025,17:24:08.21,1,1379,6279,133
12-MAR-2025,17:25:28.08,2,1207,22286,133
12-MAR-2025,17:26:42.68,3,1391,36943,133
12-MAR-2025,17:28:02.82,4,1413,95984,133
12-MAR-2025,18:53:44.97,1,1980,923996,134
12-MAR-2025,19:02:37.55,2,1637,838398,134
12-MAR-2025,19:11:28.69,3,1684,891922,134
12-MAR-2025,19:20:19.94,4,1918,909255,134
12-MAR-2025,18:55:57.91,1,3155,33094,135
12-MAR-2025,19:04:50.02,2,2527,37522,135
12-MAR-2025,19:13:41.51,3,2577,50841,135
12-MAR-2025,19:22:32.54,4,2454,33708,135
12-MAR-2025,18:58:11.17,1,1959,13,136
12-MAR-2025,19:07:02.94,2,2083,11,136
12-MAR-2025,19:15:53.68,3,2270,5,136
12-MAR-2025,19:24:45.64,4,1940,21,136
12-MAR-2025,19:00:23.64,1,1400,713234,137
12-MAR-2025,19:09:16.01,2,1415,734623,137
12-MAR-2025,19:18:06.33,3,1266,731071,137
12-MAR-2025,19:26:58.34,4,1379,733617,137
12-MAR-2025,17:12:31.62,1,1345,93411,138
12-MAR-2025,17:13:47.80,2,1285,88198,138
12-MAR-2025,17:15:07.00,3,1102,104013,138
12-MAR-2025,17:16:22.79,4,1129,95826,138
12-MAR-2025,17:17:43.20,5,1125,100468,138
12-MAR-2025,17:18:58.46,6,1238,93191,138
12-MAR-2025,14:19:11.74,1,1215,124213,139
12-MAR-2025,14:32:03.01,2,1230,157891,139
12-MAR-2025,14:44:56.88,3,1197,160002,139
12-MAR-2025,14:57:48.25,4,1177,130790,139
12-MAR-2025,15:10:41.47,5,1266,151331,139
12-MAR-2025,15:23:32.35,6,1235,83906,139
12-MAR-2025,14:20:26.38,1,1232,158066,140
12-MAR-2025,14:33:17.49,2,1251,167475,140
12-MAR-2025,14:46:11.34,3,1320,157395,140
12-MAR-2025,14:59:04.85,4,1323,139932,140
12-MAR-2025,15:11:56.42,5,1260,151279,140
12-MAR-2025,15:24:47.06,6,1203,99575,140
12-MAR-2025,14:21:45.42,1,1311,158802,141
12-MAR-2025,14:34:36.60,2,1303,175937,141
12-MAR-2025,14:47:30.04,3,1250,193522,141
12-MAR-2025,15:00:24.50,4,1216,147500,141
12-MAR-2025,15:13:16.11,5,1251,136434,141
12-MAR-2025,15:26:06.13,6,1248,105566,141
12-MAR-2025,14:23:01.30,1,1191,142969,142
12-MAR-2025,14:35:52.67,2,1257,156977,142
12-MAR-2025,14:48:45.69,3,1176,160820,142
12-MAR-2025,15:01:39.68,4,1214,145210,142
12-MAR-2025,15:14:30.23,5,1130,121991,142
12-MAR-2025,15:27:22.69,6,1158,98131,142
12-MAR-2025,14:24:20.74,1,1220,153996,143
12-MAR-2025,14:37:11.83,2,1235,171023,143
12-MAR-2025,14:50:05.82,3,1271,152985,143
12-MAR-2025,15:02:58.79,4,1183,133040,143
12-MAR-2025,15:15:48.86,5,1275,114823,143
12-MAR-2025,15:28:42.81,6,1145,121029,143
12-MAR-2025,14:25:35.23,1,1217,142205,144
12-MAR-2025,14:38:27.28,2,1260,171843,144
12-MAR-2025,14:51:20.91,3,1287,153000,144
12-MAR-2025,15:04:13.85,4,1327,143146,144
12-MAR-2025,15:17:04.49,5,1342,73424,144
12-MAR-2025,15:29:57.95,6,1216,157638,144
12-MAR-2025,14:26:54.90,1,1247,142048,145
12-MAR-2025,14:39:47.48,2,1270,167258,145
12-MAR-2025,14:52:40.48,3,1218,159368,145
12-MAR-2025,15:05:33.45,4,1237,78769,145
12-MAR-2025,15:18:24.31,5,1237,90580,145
12-MAR-2025,15:31:17.03,6,1275,117616,145
12-MAR-2025,14:28:10.52,1,1144,123514,146
12-MAR-2025,14:41:02.09,2,1145,134710,146
12-MAR-2025,14:53:55.10,3,1232,132415,146
12-MAR-2025,15:06:47.94,4,1151,103329,146
12-MAR-2025,15:19:38.61,5,1184,68693,146
12-MAR-2025,15:32:33.15,6,1169,94760,146
12-MAR-2025,14:29:29.06,1,1124,71429,147
12-MAR-2025,14:42:21.72,2,1218,77314,147
12-MAR-2025,14:55:14.59,3,1231,26734,147
12-MAR-2025,15:08:07.17,4,1312,1417,147
12-MAR-2025,15:20:58.21,5,1338,29,147
12-MAR-2025,15:33:52.82,6,1256,21354,147
12-MAR-2025,14:30:44.53,1,1103,1,148
12-MAR-2025,14:56:28.66,2,1282,2,148
12-MAR-2025,15:09:21.23,3,1221,3,148
12-MAR-2025,15:22:14.28,4,1307,2,148
12-MAR-2025,15:35:07.93,5,1360,1,148
12-MAR-2025,18:11:09.41,1,871,777356,149
12-MAR-2025,18:19:59.12,2,834,746744,149
12-MAR-2025,18:28:52.28,3,824,772154,149
12-MAR-2025,18:37:42.99,4,779,749119,149
12-MAR-2025,18:08:57.23,1,762,720448,150
12-MAR-2025,18:17:46.94,2,668,657475,150
12-MAR-2025,18:26:38.38,3,690,760395,150
12-MAR-2025,18:35:29.79,4,882,748142,150
12-MAR-2025,18:06:45.47,1,1150,895990,151
12-MAR-2025,18:15:34.66,2,1000,909960,151
12-MAR-2025,18:24:25.53,3,859,834971,151
12-MAR-2025,18:33:17.45,4,1381,939201,151
12-MAR-2025,18:04:30.50,1,992,954615,152
12-MAR-2025,18:13:22.23,2,1001,912652,152
12-MAR-2025,18:22:12.36,3,1033,903478,152
12-MAR-2025,18:31:04.74,4,1116,924611,152
03-APR-2025,12:35:27.20,1,1431,231756,157
03-APR-2025,12:37:31.00,2,1313,189773,157
03-APR-2025,12:38:49.89,3,1232,136930,157
03-APR-2025,12:51:42.37,1,1411,207491,158
03-APR-2025,12:52:57.53,2,1440,200130,158
03-APR-2025,12:54:16.67,3,1405,178039,158
03-APR-2025,13:07:16.24,1,1418,146436,159
03-APR-2025,13:08:30.87,2,1350,140220,159
03-APR-2025,13:09:49.84,3,1467,119244,159
03-APR-2025,12:40:04.30,1,1388,195268,160
03-APR-2025,12:41:22.86,2,1464,219736,160
03-APR-2025,12:42:38.36,3,1338,293850,160
03-APR-2025,12:55:31.23,1,1351,310480,161
03-APR-2025,12:56:49.78,2,1399,323051,161
03-APR-2025,12:58:05.04,3,1403,336656,161
03-APR-2025,13:11:03.79,1,1412,247351,162
03-APR-2025,13:12:23.76,2,1464,217240,162
03-APR-2025,13:13:38.29,3,1458,249164,162
03-APR-2025,14:09:22.32,1,1377,157330,163
03-APR-2025,14:10:37.09,2,1369,143909,163
03-APR-2025,14:11:55.77,3,1410,51852,163
03-APR-2025,14:13:14.25,1,1402,91190,164
03-APR-2025,14:14:33.30,2,1427,100681,164
03-APR-2025,14:15:48.50,3,1423,117840,164
03-APR-2025,13:46:01.27,1,1007,351288,165
03-APR-2025,13:47:16.32,2,917,356853,165
03-APR-2025,13:48:36.50,3,863,340672,165
03-APR-2025,13:49:51.09,1,1061,398080,166
03-APR-2025,13:51:11.11,2,1006,410708,166
03-APR-2025,13:52:26.73,3,1083,402026,166
29-NOV-2024,18:17:03.01,1,744,48404,167
29-NOV-2024,18:18:09.00,2,731,42956,167
29-NOV-2024,18:19:11.36,3,761,44607,167
29-NOV-2024,18:20:17.18,1,761,18365,168
29-NOV-2024,18:21:20.39,2,710,15670,168
29-NOV-2024,18:22:26.17,3,739,14973,168
29-NOV-2024,18:23:29.47,1,766,165359,169
29-NOV-2024,18:24:35.76,2,673,108967,169
29-NOV-2024,18:25:39.11,3,814,183079,169
29-NOV-2024,18:26:44.92,1,509,28948,170
29-NOV-2024,18:27:48.22,2,662,61818,170
29-NOV-2024,18:28:54.98,3,705,15795,170
29-NOV-2024,18:29:57.66,1,834,16122,171
29-NOV-2024,18:31:03.45,2,733,12314,171
29-NOV-2024,18:32:06.75,3,767,7672,171
29-NOV-2024,18:33:12.03,1,787,11195,172
29-NOV-2024,18:34:14.92,2,762,9062,172
29-NOV-2024,18:35:21.22,3,894,16898,172
29-NOV-2024,18:36:24.01,1,551,134391,173
29-NOV-2024,18:37:29.80,2,608,125967,173
29-NOV-2024,18:38:33.12,3,628,120760,173
29-NOV-2024,18:39:39.06,1,658,119797,174
29-NOV-2024,18:40:41.46,2,706,100139,174
29-NOV-2024,18:41:46.64,3,719,92345,174
29-NOV-2024,18:42:49.93,1,789,159139,175
29-NOV-2024,18:43:55.34,2,810,144162,175
29-NOV-2024,18:44:58.61,3,879,97961,175
29-NOV-2024,18:46:03.89,1,1095,121168,176
29-NOV-2024,18:47:06.79,2,1305,99834,176
29-NOV-2024,18:48:12.62,3,1394,82010,176
29-NOV-2024,18:49:15.52,1,1137,113660,177
29-NOV-2024,18:50:20.91,2,1143,84493,177
29-NOV-2024,18:51:24.69,3,836,39675,177
29-NOV-2024,18:52:30.51,1,797,33509,178
29-NOV-2024,18:53:33.32,2,795,87009,178
29-NOV-2024,18:54:39.75,3,714,64240,178
29-NOV-2024,18:55:43.01,1,1037,85925,179
29-NOV-2024,18:56:48.38,2,1121,65684,179
29-NOV-2024,18:57:50.75,3,1135,98460,179
29-NOV-2024,18:58:56.12,1,1139,58719,180
29-NOV-2024,18:59:59.35,2,1231,48329,180
29-NOV-2024,19:01:05.61,3,1191,52635,180
29-NOV-2024,19:02:08.98,1,1104,98012,181
29-NOV-2024,19:03:13.91,2,1066,102408,181
29-NOV-2024,19:04:16.31,3,1203,113268,181
29-NOV-2024,19:05:22.26,1,978,142559,182
29-NOV-2024,19:06:24.71,2,1128,102402,182
29-NOV-2024,19:07:30.20,3,1138,40737,182
16-JAN-2025,20:50:37.71,1,1000,119893,186
16-JAN-2025,20:51:35.18,2,1029,127468,186
16-JAN-2025,20:52:32.61,3,981,33674,186
16-JAN-2025,20:53:33.56,1,1052,42932,187
16-JAN-2025,20:54:31.05,2,1074,54560,187
16-JAN-2025,20:55:28.57,3,1055,40186,187
16-JAN-2025,20:56:27.54,4,926,86134,187
16-JAN-2025,20:57:25.54,5,937,98995,187
16-JAN-2025,20:58:22.49,6,1099,12642,187
16-JAN-2025,21:00:18.98,7,1044,42735,187
16-JAN-2025,21:01:16.37,8,1009,63114,187
16-JAN-2025,21:02:13.35,9,1000,36533,187
16-JAN-2025,21:33:58.66,1,885,34783,188
16-JAN-2025,21:34:56.26,2,989,27583,188
16-JAN-2025,21:35:54.74,3,1006,64906,188
16-JAN-2025,21:36:52.16,1,833,184572,189
16-JAN-2025,21:37:50.73,2,852,145996,189
16-JAN-2025,21:38:47.64,3,875,145654,189
03-APR-2025,13:22:43.47,1,1233,358620,190
03-APR-2025,13:23:59.57,2,1322,293072,190
03-APR-2025,13:25:19.17,3,1274,320954,190
03-APR-2025,13:38:17.61,1,1254,335770,191
03-APR-2025,13:39:33.72,2,1244,299715,191
03-APR-2025,13:40:52.80,3,1278,291826,191
03-APR-2025,13:53:46.37,1,1328,267398,192
03-APR-2025,13:55:01.45,2,1306,233297,192
03-APR-2025,13:56:25.23,3,1391,155796,192
03-APR-2025,13:26:38.44,1,1313,378785,193
03-APR-2025,13:27:58.05,2,1187,382071,193
03-APR-2025,13:29:12.75,3,1195,397465,193
03-APR-2025,13:42:08.36,1,1306,259695,194
03-APR-2025,13:43:27.53,2,1385,270435,194
03-APR-2025,13:44:42.11,3,1242,293547,194
03-APR-2025,13:57:40.28,1,1338,235164,195
03-APR-2025,13:59:00.37,2,1355,240127,195
03-APR-2025,14:00:14.97,3,1335,359186,195
03-APR-2025,14:24:50.02,1,1426,252218,196
03-APR-2025,14:26:06.08,2,1385,207621,196
03-APR-2025,14:27:24.72,3,1345,108745,196
03-APR-2025,14:28:40.45,1,1358,155239,197
03-APR-2025,14:29:59.94,2,1342,167923,197
03-APR-2025,14:31:15.18,3,1355,146719,197
03-APR-2025,14:01:34.54,1,869,408875,198
03-APR-2025,14:02:50.17,2,851,444353,198
03-APR-2025,14:04:10.25,3,851,395120,198
03-APR-2025,14:05:25.38,1,967,401431,199
03-APR-2025,14:06:48.97,2,925,431752,199
03-APR-2025,14:08:03.66,3,954,435880,199
30-NOV-2024,17:41:06.49,1,30,1067,40
30-NOV-2024,17:48:37.96,2,346,7158,40
30-NOV-2024,17:56:11.17,3,397,10480,40
03-APR-2025,14:32:34.51,1,1472,46999,4138
03-APR-2025,14:33:49.58,2,1506,39019,4138
03-APR-2025,14:35:09.19,3,1444,62352,4138
03-APR-2025,14:36:23.78,4,1467,61396,4138
03-APR-2025,14:37:42.90,5,1380,50656,4138
03-APR-2025,14:38:57.65,6,1333,52890,4138
03-APR-2025,14:17:07.13,1,1393,102828,4139
03-APR-2025,14:18:22.22,2,1355,132196,4139
03-APR-2025,14:19:41.40,3,1414,128325,4139
03-APR-2025,14:20:55.86,4,1396,138226,4139
03-APR-2025,14:22:14.75,5,1490,167525,4139
30-NOV-2024,16:51:47.30,1,833,80648,41
30-NOV-2024,16:52:52.64,2,696,77433,41
30-NOV-2024,16:53:55.49,3,714,75091,41
30-NOV-2024,16:58:12.79,1,741,65342,42
30-NOV-2024,16:59:18.02,2,798,56337,42
30-NOV-2024,17:00:20.88,3,736,56981,42
30-NOV-2024,17:04:37.81,1,758,57549,43
30-NOV-2024,17:05:43.56,2,681,41688,43
30-NOV-2024,17:06:46.82,3,663,61772,43
30-NOV-2024,19:06:09.18,1,782,90616,53
30-NOV-2024,19:07:12.46,2,832,91696,53
30-NOV-2024,19:08:18.87,3,820,92801,53
30-NOV-2024,19:12:41.11,1,1000,77571,54
30-NOV-2024,19:13:45.66,2,895,82465,54
30-NOV-2024,19:14:52.49,3,877,80791,54
30-NOV-2024,19:19:14.27,1,770,56870,55
30-NOV-2024,19:20:18.06,2,891,14637,55
30-NOV-2024,19:21:24.32,3,850,48458,55
30-NOV-2024,17:34:39.69,1,1023,75929,65
30-NOV-2024,17:35:45.72,2,987,62213,65
30-NOV-2024,17:36:48.67,3,914,73011,65
30-NOV-2024,17:42:11.88,1,900,63560,66
30-NOV-2024,17:43:14.34,2,905,63684,66
30-NOV-2024,17:44:20.26,3,897,66211,66
30-NOV-2024,17:49:40.96,1,1049,36035,67
30-NOV-2024,17:50:47.52,2,919,27447,67
30-NOV-2024,17:51:51.87,3,995,33055,67
30-NOV-2024,18:23:32.46,1,973,62348,77
30-NOV-2024,18:24:35.96,2,936,60696,77
30-NOV-2024,18:25:41.98,3,900,74524,77
30-NOV-2024,18:30:00.75,1,1001,57358,78
30-NOV-2024,18:31:03.72,2,964,75610,78
30-NOV-2024,18:32:09.80,3,994,74459,78
30-NOV-2024,18:36:28.06,1,943,12988,79
30-NOV-2024,18:37:31.02,2,974,8495,79
30-NOV-2024,18:38:36.98,3,978,17680,79
29-NOV-2024,19:27:44.68,1,943,42747,89
29-NOV-2024,19:28:47.95,2,1051,33341,89
29-NOV-2024,19:29:53.47,3,1011,37168,89
29-NOV-2024,19:30:56.83,1,1038,17746,90
29-NOV-2024,19:32:02.77,2,1181,15841,90
29-NOV-2024,19:33:06.64,3,1156,14321,90
29-NOV-2024,19:34:16.50,1,1152,156139,91
29-NOV-2024,19:35:20.19,2,1110,130320,91
29-NOV-2024,19:36:26.14,3,1085,121842,91
29-NOV-2024,19:37:29.64,1,1029,85462,92
29-NOV-2024,19:38:35.60,2,1083,42961,92
29-NOV-2024,19:39:38.01,3,981,23523,92
29-NOV-2024,19:40:44.36,1,1023,18346,93
29-NOV-2024,19:41:47.73,2,1003,8407,93
29-NOV-2024,19:42:53.58,3,985,8010,93
29-NOV-2024,19:43:56.86,1,1062,9838,94
29-NOV-2024,19:45:02.89,2,1080,9769,94
29-NOV-2024,19:46:06.31,3,1121,9239,94
29-NOV-2024,19:47:11.79,1,968,149866,95
29-NOV-2024,19:48:15.76,2,1053,99770,95
29-NOV-2024,19:49:21.72,3,926,87705,95
29-NOV-2024,19:50:24.15,1,1069,82345,96
29-NOV-2024,19:51:30.61,2,1060,51682,96
29-NOV-2024,19:52:34.62,3,1065,44341,96
29-NOV-2024,19:53:40.54,1,1011,89230,97
29-NOV-2024,19:54:44.03,2,1062,118340,97
29-NOV-2024,19:55:50.44,3,1115,102227,97
29-NOV-2024,19:56:53.84,1,947,105547,98
29-NOV-2024,19:57:59.85,2,1028,64757,98
29-NOV-2024,19:59:02.75,3,1082,44457,98
29-NOV-2024,20:00:08.26,1,1052,65886,99
29-NOV-2024,20:01:11.66,2,986,39199,99
29-NOV-2024,20:02:17.14,3,1075,36491,99
16-JAN-2025,20:59:21.49,1,331,30213,215
16-JAN-2025,21:08:57.95,2,967,50282,215
16-JAN-2025,21:18:34.52,3,1143,82116,215
16-JAN-2025,21:39:46.24,1,898,44885,123
16-JAN-2025,21:40:44.27,2,926,32846,123
16-JAN-2025,21:41:41.80,3,696,20710,123
16-JAN-2025,21:42:40.75,4,866,38477,123
16-JAN-2025,21:43:38.21,5,955,51929,123
16-JAN-2025,21:44:36.20,6,1176,11046,123
09-FEB-2026,13:32:26.66,1,1151,85801,205
09-FEB-2026,13:34:27.07,2,863,61827,205
09-FEB-2026,13:36:18.79,3,910,72277,205
09-FEB-2026,13:38:19.12,4,802,59569,205
09-FEB-2026,13:40:11.54,5,998,207133,205
09-FEB-2026,13:42:11.04,1,800,63165,206
09-FEB-2026,13:44:03.43,2,1069,245752,206
09-FEB-2026,13:46:03.51,3,871,237989,206
09-FEB-2026,13:47:55.53,4,1024,249896,206
09-FEB-2026,13:49:55.97,1,1024,242443,207
09-FEB-2026,13:51:48.32,2,399,54441,207
09-FEB-2026,13:53:49.73,3,1159,160192,207
09-FEB-2026,13:55:42.56,4,918,192677,207
09-FEB-2026,13:57:43.18,1,1131,235560,208
09-FEB-2026,13:59:35.23,2,1148,181141,208
09-FEB-2026,14:01:35.14,3,585,107294,208
09-FEB-2026,14:03:27.10,4,993,183610,208
09-FEB-2026,14:05:27.53,5,917,284202,208
09-FEB-2026,14:07:20.13,1,844,109836,209
09-FEB-2026,14:09:20.69,2,714,39694,209
09-FEB-2026,14:11:13.04,3,944,31769,209
09-FEB-2026,14:13:13.12,4,790,46814,209
09-FEB-2026,14:15:04.99,1,243,90629,210
09-FEB-2026,14:17:05.36,2,213,192172,210
09-FEB-2026,14:18:57.28,3,425,202238,210
09-FEB-2026,14:20:57.51,4,295,179761,210
09-FEB-2026,14:22:50.68,5,262,139930,210
26-MAR-2025,13:34:27.09,1,1046,53925,2138
26-MAR-2025,13:35:40.91,2,1296,132562,2138
26-MAR-2025,13:36:59.20,3,1263,129283,2138
26-MAR-2025,13:38:13.48,4,1314,111070,2138
26-MAR-2025,13:39:33.32,5,1153,169282,2138
26-MAR-2025,13:40:49.23,1,1427,110065,2139
26-MAR-2025,13:42:08.62,2,1371,82838,2139
26-MAR-2025,13:43:22.58,3,1413,119814,2139
26-MAR-2025,13:44:41.52,4,1295,105897,2139
26-MAR-2025,13:45:56.01,5,1453,125794,2139
26-MAR-2025,13:47:14.95,6,949,79961,2139
