experiment_id	740-yp_[µm]	mtg_[µm]	rhflt3l_[ng_ml]	experiment_number	gm-csf_[ng_ml]	tpo_[ng_ml]	sr1_[nm]	um171_[nm]	um729_[µm]	scf_[ng_ml]	butyzamide_[nm]	retinoic_acid_[µm]	ldl_[ng_ml]	il3_[ng_ml]	il7_[ng_ml]	mcsf_[ng_ml]	ly_cocktail_[ul/well]	source_id	hydrogel_type	o2_[%]	source_cell_phenotype	total_count_beads	counts_source_cell_phenotype	days_of_culture	plate	absolute_number_multiplier_[2^n]	cytometer_id
LPHO01	5	100	10	1	0	0	0	0	1.5	0	100	0	0	0	0	0	0	pooled	cellbind	20	CD34	1994	10000	14	2	0	sonic
LPHO01	5	100	10	2	0	0	75	0	1.5	0	100	0	0	0	0	0	0	pooled	cellbind	20	CD34	1994	10000	14	2	0	sonic
LPHO01	5	100	10	3	0	0	375	0	1.5	0	100	0	0	0	0	0	0	pooled	cellbind	20	CD34	1994	10000	14	2	0	sonic
LPHO01	5	100	10	4	0	0	0	0	1.5	50	100	0	0	0	0	0	0	pooled	cellbind	20	CD34	1994	10000	14	2	2	sonic
LPHO01	5	100	10	5	0	0	0	0	1.5	100	100	0	0	0	0	0	0	pooled	cellbind	20	CD34	1994	10000	14	2	2	sonic
LPHO01	5	100	10	6	0	0	0	0	1.5	200	100	0	0	0	0	0	0	pooled	cellbind	20	CD34	1994	10000	14	2	2	sonic
LPHO01	5	100	10	7	0.1	0	0	0	1.5	0	100	0	0	0	0	0	0	pooled	cellbind	20	CD34	1994	10000	14	2	1	sonic
LPHO01	5	100	10	8	1	0	0	0	1.5	0	100	0	0	0	0	0	0	pooled	cellbind	20	CD34	1994	10000	14	2	2	sonic
LPHO01	5	100	10	9	10	0	0	0	1.5	0	100	0	0	0	0	0	0	pooled	cellbind	20	CD34	1994	10000	14	2	2	sonic
LPHO01	5	100	10	10	0	2.5	0	0	1.5	0	0	0	0	0	0	0	0	pooled	cellbind	20	CD34	1994	10000	14	2	0	sonic
LPHO01	5	100	10	11	0	5	0	0	1.5	0	0	0	0	0	0	0	0	pooled	cellbind	20	CD34	1994	10000	14	2	0	sonic
LPHO01	5	100	10	12	0	10	0	0	1.5	0	0	0	0	0	0	0	0	pooled	cellbind	20	CD34	1994	10000	14	2	0	sonic
LPHO01	5	100	10	13	0.1	0	0	70	0	0	100	0	0	0	0	0	0	pooled	cellbind	20	CD34	1994	10000	14	1	1	sonic
LPHO01	5	100	10	14	0.1	0	0	280	0	0	100	0	0	0	0	0	0	pooled	cellbind	20	CD34	1994	10000	14	1	1	sonic
LPHO01	5	100	10	15	0.1	0	0	560	0	0	100	0	0	0	0	0	0	pooled	cellbind	20	CD34	1994	10000	14	1	1	sonic
LPHO01	5	100	10	16	1	0	75	70	0	0	100	0	0	0	0	0	0	pooled	cellbind	20	CD34	1994	10000	14	1	1	sonic
LPHO01	5	100	10	17	1	0	75	280	0	0	100	0	0	0	0	0	0	pooled	cellbind	20	CD34	1994	10000	14	1	1	sonic
LPHO01	5	100	10	18	1	0	75	560	0	0	100	0	0	0	0	0	0	pooled	cellbind	20	CD34	1994	10000	14	1	1	sonic
LPHO01	5	100	10	19	10	0	375	70	0	0	100	0	0	0	0	0	0	pooled	cellbind	20	CD34	1994	10000	14	1	1	sonic
LPHO01	5	100	10	20	10	0	375	280	0	0	100	0	0	0	0	0	0	pooled	cellbind	20	CD34	1994	10000	14	1	1	sonic
LPHO01	5	100	10	21	10	0	375	560	0	0	100	0	0	0	0	0	0	pooled	cellbind	20	CD34	1994	10000	14	1	1	sonic
LPHO01	5	100	10	22	0.1	0	0	70	0	0	100	0	0	0	0	0	0	pooled	cellbind	20	CD34	1994	10000	14	1	1	sonic
LPHO01	5	100	10	23	0.1	0	0	280	0	0	100	0	0	0	0	0	0	pooled	cellbind	20	CD34	1994	10000	14	1	1	sonic
LPHO01	5	100	10	24	0.1	0	0	560	0	0	100	0	0	0	0	0	0	pooled	cellbind	20	CD34	1994	10000	14	1	1	sonic
LPHO01	5	100	10	25	1	0	0	70	0	0	100	0	0	0	0	0	0	pooled	cellbind	20	CD34	1994	10000	14	1	3	sonic
LPHO01	5	100	10	26	1	0	0	280	0	0	100	0	0	0	0	0	0	pooled	cellbind	20	CD34	1994	10000	14	1	3	sonic
LPHO01	5	100	10	27	1	0	0	560	0	0	100	0	0	0	0	0	0	pooled	cellbind	20	CD34	1994	10000	14	1	3	sonic
LPHO01	5	100	10	28	10	0	0	70	0	0	100	0	0	0	0	0	0	pooled	cellbind	20	CD34	1994	10000	14	1	3	sonic
LPHO01	5	100	10	29	10	0	0	280	0	0	100	0	0	0	0	0	0	pooled	cellbind	20	CD34	1994	10000	14	1	3	sonic
LPHO01	5	100	10	30	10	0	0	560	0	0	100	0	0	0	0	0	0	pooled	cellbind	20	CD34	1994	10000	14	1	3	sonic
LPHO01	5	100	10	31	0	0	0	70	0	0	100	0	0	0	0	0	0	pooled	cellbind	20	CD34	1994	10000	14	5	1	sonic
LPHO01	5	100	10	32	0	0	0	280	0	0	100	0	0	0	0	0	0	pooled	cellbind	20	CD34	1994	10000	14	5	1	sonic
LPHO01	5	100	10	33	0	0	0	560	0	0	100	0	0	0	0	0	0	pooled	cellbind	20	CD34	1994	10000	14	5	1	sonic
LPHO01	5	100	10	34	0	0	75	70	0	0	100	0	0	0	0	0	0	pooled	cellbind	20	CD34	1994	10000	14	5	1	sonic
LPHO01	5	100	10	35	0	0	75	280	0	0	100	0	0	0	0	0	0	pooled	cellbind	20	CD34	1994	10000	14	5	1	sonic
LPHO01	5	100	10	36	0	0	75	560	0	0	100	0	0	0	0	0	0	pooled	cellbind	20	CD34	1994	10000	14	5	1	sonic
LPHO01	5	100	10	37	0	0	375	70	0	0	100	0	0	0	0	0	0	pooled	cellbind	20	CD34	1994	10000	14	5	1	sonic
LPHO01	5	100	10	38	0	0	375	280	0	0	100	0	0	0	0	0	0	pooled	cellbind	20	CD34	1994	10000	14	5	1	sonic
LPHO01	5	100	10	39	0	0	375	560	0	0	100	0	0	0	0	0	0	pooled	cellbind	20	CD34	1994	10000	14	5	1	sonic
LPHO03a	5	100	10	40	0	0	0	0	1.5	0	100	0	0	0	0	0	0	pooled	cellbind	20	CD34	1595.2	10000	15	3	4	tails
LPHO03a	5	100	10	41	1	0	0	280	0	0	100	0	0	0	0	0	0	pooled	cellbind	20	CD34	1595.2	10000	15	1	4	tails
LPHO03a	5	100	10	42	1	0	75	280	0	0	100	0	0	0	0	0	0	pooled	cellbind	20	CD34	1595.2	10000	15	1	4	tails
LPHO03a	5	100	10	43	1	0	375	280	0	0	100	0	0	0	0	0	0	pooled	cellbind	20	CD34	1595.2	10000	15	1	4	tails
LPHO03a	5	100	10	44	1 (day 7)	0	0	280	0	0	100	0	0	0	0	0	0	pooled	cellbind	20	CD34	1595.2	10000	15	1	4	tails
LPHO03a	5	100	10	45	1 (day 7)	0	75	280	0	0	100	0	0	0	0	0	0	pooled	cellbind	20	CD34	1595.2	10000	15	1	4	tails
LPHO03a	5	100	10	46	1 (day 7)	0	375	280	0	0	100	0	0	0	0	0	0	pooled	cellbind	20	CD34	1595.2	10000	15	1	4	tails
LPHO03a	5	100	10	47	1 (day 10)	0	0	280	0	0	100	0	0	0	0	0	0	pooled	cellbind	20	CD34	1595.2	10000	15	1	4	tails
LPHO03a	5	100	10	48	1 (day 10)	0	75	280	0	0	100	0	0	0	0	0	0	pooled	cellbind	20	CD34	1595.2	10000	15	1	4	tails
LPHO03a	5	100	10	49	1 (day 10)	0	375	280	0	0	100	0	0	0	0	0	0	pooled	cellbind	20	CD34	1595.2	10000	15	1	4	tails
LPHO03a	5	100	10	50	1 (day 12)	0	0	280	0	0	100	0	0	0	0	0	0	pooled	cellbind	20	CD34	1595.2	10000	15	1	4	tails
LPHO03a	5	100	10	51	1 (day 12)	0	75	280	0	0	100	0	0	0	0	0	0	pooled	cellbind	20	CD34	1595.2	10000	15	1	4	tails
LPHO03a	5	100	10	52	1 (day 12)	0	375	280	0	0	100	0	0	0	0	0	0	pooled	cellbind	20	CD34	1595.2	10000	15	1	4	tails
LPHO03a	5	100	10	53	10	0	0	280	0	0	100	0	0	0	0	0	0	pooled	cellbind	20	CD34	1595.2	10000	15	2	4	tails
LPHO03a	5	100	10	54	10	0	75	280	0	0	100	0	0	0	0	0	0	pooled	cellbind	20	CD34	1595.2	10000	15	2	4	tails
LPHO03a	5	100	10	55	10	0	375	280	0	0	100	0	0	0	0	0	0	pooled	cellbind	20	CD34	1595.2	10000	15	2	4	tails
LPHO03a	5	100	10	56	10 (day 7)	0	0	280	0	0	100	0	0	0	0	0	0	pooled	cellbind	20	CD34	1595.2	10000	15	2	4	tails
LPHO03a	5	100	10	57	10 (day 7)	0	75	280	0	0	100	0	0	0	0	0	0	pooled	cellbind	20	CD34	1595.2	10000	15	2	4	tails
LPHO03a	5	100	10	58	10 (day 7)	0	375	280	0	0	100	0	0	0	0	0	0	pooled	cellbind	20	CD34	1595.2	10000	15	2	4	tails
LPHO03a	5	100	10	59	10 (day 10)	0	0	280	0	0	100	0	0	0	0	0	0	pooled	cellbind	20	CD34	1595.2	10000	15	2	4	tails
LPHO03a	5	100	10	60	10 (day 10)	0	75	280	0	0	100	0	0	0	0	0	0	pooled	cellbind	20	CD34	1595.2	10000	15	2	4	tails
LPHO03a	5	100	10	61	10 (day 10)	0	375	280	0	0	100	0	0	0	0	0	0	pooled	cellbind	20	CD34	1595.2	10000	15	2	4	tails
LPHO03a	5	100	10	62	10 (day 12)	0	0	280	0	0	100	0	0	0	0	0	0	pooled	cellbind	20	CD34	1595.2	10000	15	2	4	tails
LPHO03a	5	100	10	63	10 (day 12)	0	75	280	0	0	100	0	0	0	0	0	0	pooled	cellbind	20	CD34	1595.2	10000	15	2	4	tails
LPHO03a	5	100	10	64	10 (day 12)	0	375	280	0	0	100	0	0	0	0	0	0	pooled	cellbind	20	CD34	1595.2	10000	15	2	4	tails
LPHO03a	5	100	10	65	1	0	0	0	1.5	0	100	0	0	0	0	0	0	pooled	cellbind	20	CD34	1595.2	10000	15	3	4	sonic
LPHO03a	5	100	10	66	1	0	75	0	1.5	0	100	0	0	0	0	0	0	pooled	cellbind	20	CD34	1595.2	10000	15	3	4	sonic
LPHO03a	5	100	10	67	1	0	375	0	1.5	0	100	0	0	0	0	0	0	pooled	cellbind	20	CD34	1595.2	10000	15	3	4	sonic
LPHO03a	5	100	10	68	1 (day 7)	0	0	0	1.5	0	100	0	0	0	0	0	0	pooled	cellbind	20	CD34	1595.2	10000	15	3	4	sonic
LPHO03a	5	100	10	69	1 (day 7)	0	75	0	1.5	0	100	0	0	0	0	0	0	pooled	cellbind	20	CD34	1595.2	10000	15	3	4	sonic
LPHO03a	5	100	10	70	1 (day 7)	0	375	0	1.5	0	100	0	0	0	0	0	0	pooled	cellbind	20	CD34	1595.2	10000	15	3	4	sonic
LPHO03a	5	100	10	71	1 (day 10)	0	0	0	1.5	0	100	0	0	0	0	0	0	pooled	cellbind	20	CD34	1595.2	10000	15	3	4	sonic
LPHO03a	5	100	10	72	1 (day 10)	0	75	0	1.5	0	100	0	0	0	0	0	0	pooled	cellbind	20	CD34	1595.2	10000	15	3	4	sonic
LPHO03a	5	100	10	73	1 (day 10)	0	375	0	1.5	0	100	0	0	0	0	0	0	pooled	cellbind	20	CD34	1595.2	10000	15	3	4	sonic
LPHO03a	5	100	10	74	1 (day 12)	0	0	0	1.5	0	100	0	0	0	0	0	0	pooled	cellbind	20	CD34	1595.2	10000	15	3	4	sonic
LPHO03a	5	100	10	75	1 (day 12)	0	75	0	1.5	0	100	0	0	0	0	0	0	pooled	cellbind	20	CD34	1595.2	10000	15	3	4	sonic
LPHO03a	5	100	10	76	1 (day 12)	0	375	0	1.5	0	100	0	0	0	0	0	0	pooled	cellbind	20	CD34	1595.2	10000	15	3	4	sonic
LPHO03a	5	100	10	77	10	0	0	0	1.5	0	100	0	0	0	0	0	0	pooled	cellbind	20	CD34	1595.2	10000	15	4	4	sonic
LPHO03a	5	100	10	78	10	0	75	0	1.5	0	100	0	0	0	0	0	0	pooled	cellbind	20	CD34	1595.2	10000	15	4	4	sonic
LPHO03a	5	100	10	79	10	0	375	0	1.5	0	100	0	0	0	0	0	0	pooled	cellbind	20	CD34	1595.2	10000	15	4	4	sonic
LPHO03a	5	100	10	80	10 (day 7)	0	0	0	1.5	0	100	0	0	0	0	0	0	pooled	cellbind	20	CD34	1595.2	10000	15	4	4	sonic
LPHO03a	5	100	10	81	10 (day 7)	0	75	0	1.5	0	100	0	0	0	0	0	0	pooled	cellbind	20	CD34	1595.2	10000	15	4	4	sonic
LPHO03a	5	100	10	82	10 (day 7)	0	375	0	1.5	0	100	0	0	0	0	0	0	pooled	cellbind	20	CD34	1595.2	10000	15	4	4	sonic
LPHO03a	5	100	10	83	10 (day 10)	0	0	0	1.5	0	100	0	0	0	0	0	0	pooled	cellbind	20	CD34	1595.2	10000	15	4	4	sonic
LPHO03a	5	100	10	84	10 (day 10)	0	75	0	1.5	0	100	0	0	0	0	0	0	pooled	cellbind	20	CD34	1595.2	10000	15	4	4	sonic
LPHO03a	5	100	10	85	10 (day 10)	0	375	0	1.5	0	100	0	0	0	0	0	0	pooled	cellbind	20	CD34	1595.2	10000	15	4	4	sonic
LPHO03a	5	100	10	86	10 (day 12)	0	0	0	1.5	0	100	0	0	0	0	0	0	pooled	cellbind	20	CD34	1595.2	10000	15	4	4	sonic
LPHO03a	5	100	10	87	10 (day 12)	0	75	0	1.5	0	100	0	0	0	0	0	0	pooled	cellbind	20	CD34	1595.2	10000	15	4	4	sonic
LPHO03a	5	100	10	88	10 (day 12)	0	375	0	1.5	0	100	0	0	0	0	0	0	pooled	cellbind	20	CD34	1595.2	10000	15	4	4	sonic
LPHO03b	5	100	10	89	0	0	0	70	0	0	100	0	0	0	0	0	0	pooled	cellbind	20	CD34	1994	10000	14	1	2	sonic
LPHO03b	5	100	10	90	0	0	0	0	1.5	0	100	0	0	0	0	0	0	pooled	cellbind	20	CD34	1994	10000	14	1	2	sonic
LPHO03b	5	100	10	91	10	2.5	375	280	0	0	0	0	0	0	0	0	0	pooled	cellbind	20	CD34	1994	10000	14	1	2	sonic
LPHO03b	5	100	10	92	10	2.5	75	280	0	0	0	0	0	0	0	0	0	pooled	cellbind	20	CD34	1994	10000	14	1	2	sonic
LPHO03b	5	100	10	93	10	2.5	375	0	1.5	0	0	0	0	0	0	0	0	pooled	cellbind	20	CD34	1994	10000	14	1	2	sonic
LPHO03b	5	100	10	94	10	2.5	75	0	1.5	0	0	0	0	0	0	0	0	pooled	cellbind	20	CD34	1994	10000	14	1	2	sonic
LPHO03b	5	100	10	95	10	2.5	375	0	0.75	0	0	0	0	0	0	0	0	pooled	cellbind	20	CD34	1994	10000	14	1	2	sonic
LPHO03b	5	100	10	96	10	2.5	75	0	0.75	0	0	0	0	0	0	0	0	pooled	cellbind	20	CD34	1994	10000	14	1	2	sonic
LPHO03b	5	100	10	97	10	2.5	375	0	1.5	50	0	0	0	0	0	0	0	pooled	cellbind	20	CD34	1994	10000	14	1	2	sonic
LPHO03b	5	100	10	98	10	2.5	75	0	1.5	50	0	0	0	0	0	0	0	pooled	cellbind	20	CD34	1994	10000	14	1	2	sonic
LPHO03b	5	100	10	99	10	2.5	375	0	0.75	50	0	0	0	0	0	0	0	pooled	cellbind	20	CD34	1994	10000	14	1	2	sonic
LPHO03b	5	100	10	100	10	2.5	75	0	0.75	50	0	0	0	0	0	0	0	pooled	cellbind	20	CD34	1994	10000	14	1	2	sonic
LPHO03b	5	100	10	101	10	2.5	375	1120	0	50	0	0	0	0	0	0	0	pooled	cellbind	20	CD34	1994	10000	14	1	2	sonic
LPHO03b	5	100	10	102	10	2.5	75	1120	0	50	0	0	0	0	0	0	0	pooled	cellbind	20	CD34	1994	10000	14	1	2	sonic
LPHO03b	5	100	10	103	10	2.5	375	560	0	50	0	0	0	0	0	0	0	pooled	cellbind	20	CD34	1994	10000	14	1	2	sonic
LPHO03b	5	100	10	104	10	2.5	75	560	0	50	0	0	0	0	0	0	0	pooled	cellbind	20	CD34	1994	10000	14	1	2	sonic
JAR02	5	100	10	105	0	0	0	0	1.5	0	100	0	0	0	0	0	0	pooled	cellbind	20	CD34	1994	10000	13	1	0	sonic
JAR02	5	100	10	106	0	0	0	1120	0	0	100	0	0	0	0	0	0	pooled	cellbind	20	CD34	1994	10000	13	1	0	sonic
JAR02	5	100	10	107	0	2.5	0	0	1.5	0	0	0	0	0	0	0	0	pooled	cellbind	20	CD34	1994	10000	13	1	0	sonic
JAR02	5	100	10	108	0	1	0	0	1.5	0	0	0	0	0	0	0	0	pooled	cellbind	20	CD34	1994	10000	13	1	0	sonic
JAR02	5	100	10	109	0	0.5	0	0	1.5	0	0	0	0	0	0	0	0	pooled	cellbind	20	CD34	1994	10000	13	1	0	sonic
JAR02	5	100	10	110	0	0.25	0	0	1.5	0	0	0	0	0	0	0	0	pooled	cellbind	20	CD34	1994	10000	13	1	0	sonic
JAR02	5	100	10	111	10	2.5	750	1120	0	50	0	0	0	0	0	0	0	pooled	cellbind	20	CD34	1994	10000	13	1	2	sonic
JAR02	5	100	10	112	10	2.5	750	0	1.5	50	0	0	0	0	0	0	0	pooled	cellbind	20	CD34	1994	10000	13	1	2	sonic
JAR02	5	100	10	113	10	2.5	375	1120	0	50	0	0	0	0	0	0	0	pooled	cellbind	20	CD34	1994	10000	13	1	2	sonic
JAR02	5	100	10	114	10	2.5	375	0	1.5	50	0	0	0	0	0	0	0	pooled	cellbind	20	CD34	1994	10000	13	1	2	sonic
JAR02	5	100	10	115	10	2.5	750	1120	0	0	0	0	0	0	0	0	0	pooled	cellbind	20	CD34	1994	10000	13	1.2	1	sonic
JAR02	5	100	10	116	10	2.5	750	0	1.5	0	0	0	0	0	0	0	0	pooled	cellbind	20	CD34	1994	10000	13	2	1	sonic
JAR02	5	100	10	117	10	0	750	1120	0	50	100	0	0	0	0	0	0	pooled	cellbind	20	CD34	1994	10000	13	2	2	sonic
JAR02	5	100	10	118	10	0	750	0	1.5	50	100	0	0	0	0	0	0	pooled	cellbind	20	CD34	1994	10000	13	2	2	sonic
JAR02	5	100	10	119	10	0	375	1120	0	50	100	0	0	0	0	0	0	pooled	cellbind	20	CD34	1994	10000	13	2	2	sonic
JAR02	5	100	10	120	10	0	375	0	1.5	50	100	0	0	0	0	0	0	pooled	cellbind	20	CD34	1994	10000	13	2	2	sonic
JAR02	5	100	10	121	10	0	750	1120	0	0	100	0	0	0	0	0	0	pooled	cellbind	20	CD34	1994	10000	13	2	0	sonic
JAR02	5	100	10	122	10	0	750	0	1.5	0	100	0	0	0	0	0	0	pooled	cellbind	20	CD34	1994	10000	13	2	0	sonic
JAR02	5	100	10	123	10	0	0	0	0	0	100	0	0	0	0	0	0	pooled	cellbind	20	CD34	1994	10000	13	2	0	sonic
LPHO04	5	100	10	124	10	2.5	750	1120	0	50	0	0	0	0	0	0	0	pooled	cellbind	20	LTHSC	1994	500	27	2	0	sonic
LPHO04	5	100	10	125	10	2.5	750	1120	0	50	0	0	0	0	0	0	0	pooled	cellbind	20	CD34	1994	10000	27	2	2	sonic
LPHO04	5	100	10	126	10	2.5	750	1120	0	50	0	0	0	2.5	0	0	0	pooled	cellbind	20	CD34	1994	10000	27	2	6	sonic
LPHO04	5	100	10	127	10	2.5	750	1120	0	50	0	0	0	5	0	0	0	pooled	cellbind	20	CD34	1994	10000	27	2	6	sonic
LPHO04	5	100	10	128	10	2.5	750	1120	0	50	0	0	0	10	0	0	0	pooled	cellbind	20	CD34	1994	10000	27	2	6	sonic
LPHO04	5	100	10	129	10	2.5	750	1120	0	50	0	0	5	0	0	0	0	pooled	cellbind	20	CD34	1994	10000	27	2	6	sonic
LPHO04	5	100	10	130	10	2.5	750	1120	0	50	0	0	10	0	0	0	0	pooled	cellbind	20	CD34	1994	10000	27	2	6	sonic
LPHO04	5	100	10	131	10	2.5	750	1120	0	50	0	0	20	0	0	0	0	pooled	cellbind	20	CD34	1994	10000	27	2	6	sonic
LPHO04	5	100	10	132	10	2.5	750	1120	0	50	0	0	0	0	0	0	0	pooled	cellbind	10	LTHSC	1994	500	27	2	0	sonic
LPHO04	5	100	10	133	10	2.5	750	1120	0	50	0	0	0	0	0	0	0	pooled	cellbind	10	CD34	1994	10000	27	2	1	sonic
LPHO04	5	100	10	134	10	2.5	750	1120	0	50	0	0	0	0	0	0	0	pooled	soft_fibronectin	20	CD34	1994	10000	27	0	0	sonic
LPHO04	5	100	10	135	10	2.5	750	1120	0	50	0	0	0	0	0	0	0	pooled	medium_fibronectin	20	CD34	1994	10000	27	0	0	sonic
LPHO04	5	100	10	136	10	2.5	750	1120	0	50	0	0	0	0	0	0	0	pooled	hard_fibronectin	20	CD34	1994	10000	27	0	0	sonic
LPHO04	5	100	10	137	10	2.5	750	1120	0	50	0	0	0	0	0	0	0	pooled	soft_laminin	20	CD34	1994	10000	27	0	0	sonic
LPHO05	5	100	10	138	10	2.5	750	1120	0	50	0	0	0	0	0	0	0	pooled	cellbind	10	CD34	1994	10000	14	2	4	sonic
LPHO05	5	100	10	139	10	2.5	750	1120	0	50	0	0	0	0	0	0	0	pooled	cellbind	20	CD34	1994	10000	14	1	4	sonic
LPHO05	5	100	10	140	10	2.5	750	1120	0	50	0	0	0	5	0	0	0	pooled	cellbind	20	CD34	1994	10000	14	1	4	sonic
LPHO05	5	100	10	141	10	2.5	750	1120	0	50	0	0	0	10	0	0	0	pooled	cellbind	20	CD34	1994	10000	14	1	4	sonic
LPHO05	5	100	10	142	10	2.5	750	1120	0	50	0	0	0	20	0	0	0	pooled	cellbind	20	CD34	1994	10000	14	1	4	sonic
LPHO05	5	100	10	143	10	2.5	750	1120	0	50	0	0	2	0	0	0	0	pooled	cellbind	20	CD34	1994	10000	14	1	4	sonic
LPHO05	5	100	10	144	10	2.5	750	1120	0	50	0	0	10	0	0	0	0	pooled	cellbind	20	CD34	1994	10000	14	1	4	sonic
LPHO05	5	100	10	145	10	2.5	750	1120	0	50	0	0	50	0	0	0	0	pooled	cellbind	20	CD34	1994	10000	14	1	4	sonic
LPHO05	5	100	10	146	10	2.5	750	1120	0	50	0	1	0	0	0	0	0	pooled	cellbind	20	CD34	1994	10000	14	1	4	sonic
LPHO05	5	100	10	147	10	2.5	750	1120	0	50	0	5	0	0	0	0	0	pooled	cellbind	20	CD34	1994	10000	14	1	4	sonic
LPHO05	5	100	10	148	10	2.5	750	1120	0	50	0	25	0	0	0	0	0	pooled	cellbind	20	CD34	1994	10000	14	1	0	sonic
LPHO05	5	100	10	149	10	2.5	750	1120	0	50	0	0	0	0	0	0	0	pooled	soft_fibronectin	10	CD34	1994	10000	14	0	0	sonic
LPHO05	5	100	10	150	10	2.5	750	1120	0	50	0	0	0	0	0	0	0	pooled	soft_laminin	10	CD34	1994	10000	14	0	0	sonic
LPHO05	5	100	10	151	10	2.5	750	1120	0	50	0	0	0	0	0	0	0	pooled	soft_fibronectin	20	CD34	1994	10000	14	0	0	sonic
LPHO05	5	100	10	152	10	2.5	750	1120	0	50	0	0	0	0	0	0	0	pooled	soft_laminin	20	CD34	1994	10000	14	0	0	sonic
JAR03	5	100	10	153	10	2.5	750	560	0	10	0	0	0	0	0	0	0	cb1	cellbind	10	CD34	1994	10000	13	1	1	sonic
JAR03	5	100	10	154	10	2.5	750	560	0	50	0	0	0	0	0	0	0	cb2	cellbind	10	CD34	1994	10000	13	1	1	sonic
JAR03	5	100	10	155	10	2.5	750	560	0	10	0	0	0	0	0	0	0	cb1	cellbind	20	CD34	1994	10000	13	1	1	sonic
JAR03	5	100	10	156	10	2.5	750	560	0	50	0	0	0	0	0	0	0	cb2	cellbind	20	CD34	1994	10000	13	1	1	sonic
JAR03	5	100	10	157	10	2.5	750	280	0	10	0	0	0	0	0	0	0	cb1	cellbind	20	CD34	1994	10000	13	1	1	sonic
JAR03	5	100	10	158	10	2.5	750	560	0	10	0	0	0	0	0	0	0	cb1	cellbind	20	CD34	1994	10000	13	1	1	sonic
JAR03	5	100	10	159	10	2.5	750	1120	0	10	0	0	0	0	0	0	0	cb1	cellbind	20	CD34	1994	10000	13	1	1	sonic
JAR03	5	100	10	160	10	2.5	750	280	0	50	0	0	0	0	0	0	0	cb1	cellbind	20	CD34	1994	10000	13	1	1	sonic
JAR03	5	100	10	161	10	2.5	750	560	0	50	0	0	0	0	0	0	0	cb1	cellbind	20	CD34	1994	10000	13	1	1	sonic
JAR03	5	100	10	162	10	2.5	750	1120	0	50	0	0	0	0	0	0	0	cb1	cellbind	20	CD34	1994	10000	13	1	1	sonic
JAR03	5	100	10	163	10	2.5	750	560	0	10	0	0	0	0	0	0	0	cb1	cellbind	10	CD34	1994	10000	13	1	1	sonic
JAR03	5	100	10	164	10	2.5	750	560	0	50	0	0	0	0	0	0	0	cb1	cellbind	10	CD34	1994	10000	13	1	1	sonic
JAR03	5	100	10	165	10	2.5	750	560	0	10	0	0	0	0	0	0	0	cb1	soft_fibronectin	20	CD34	1994	10000	13	1	1	sonic
JAR03	5	100	10	166	10	2.5	750	560	0	50	0	0	0	0	0	0	0	cb1	soft_fibronectin	20	CD34	1994	10000	13	1	1	sonic
LPHO03b	5	100	10	167	0	0	0	70	0	0	100	0	0	0	0	0	0	pooled	cellbind	20	CD34	1994	10000	14	2	2	sonic
LPHO03b	5	100	10	168	0	0	0	0	1.5	0	100	0	0	0	0	0	0	pooled	cellbind	20	CD34	1994	10000	14	2	2	sonic
LPHO03b	5	100	10	169	10	2.5	375	280	0	0	0	0	0	0	0	0	0	pooled	cellbind	20	CD34	1994	10000	14	2	2	sonic
LPHO03b	5	100	10	170	10	2.5	75	280	0	0	0	0	0	0	0	0	0	pooled	cellbind	20	CD34	1994	10000	14	2	2	sonic
LPHO03b	5	100	10	171	10	2.5	375	0	1.5	0	0	0	0	0	0	0	0	pooled	cellbind	20	CD34	1994	10000	14	2	2	sonic
LPHO03b	5	100	10	172	10	2.5	75	0	1.5	0	0	0	0	0	0	0	0	pooled	cellbind	20	CD34	1994	10000	14	2	2	sonic
LPHO03b	5	100	10	173	10	2.5	375	0	0.75	0	0	0	0	0	0	0	0	pooled	cellbind	20	CD34	1994	10000	14	2	2	sonic
LPHO03b	5	100	10	174	10	2.5	75	0	0.75	0	0	0	0	0	0	0	0	pooled	cellbind	20	CD34	1994	10000	14	2	2	sonic
LPHO03b	5	100	10	175	10	2.5	375	0	1.5	50	0	0	0	0	0	0	0	pooled	cellbind	20	CD34	1994	10000	14	2	2	sonic
LPHO03b	5	100	10	176	10	2.5	75	0	1.5	50	0	0	0	0	0	0	0	pooled	cellbind	20	CD34	1994	10000	14	2	2	sonic
LPHO03b	5	100	10	177	10	2.5	375	0	0.75	50	0	0	0	0	0	0	0	pooled	cellbind	20	CD34	1994	10000	14	2	2	sonic
LPHO03b	5	100	10	178	10	2.5	75	0	0.75	50	0	0	0	0	0	0	0	pooled	cellbind	20	CD34	1994	10000	14	2	2	sonic
LPHO03b	5	100	10	179	10	2.5	375	1120	0	50	0	0	0	0	0	0	0	pooled	cellbind	20	CD34	1994	10000	14	2	2	sonic
LPHO03b	5	100	10	180	10	2.5	75	1120	0	50	0	0	0	0	0	0	0	pooled	cellbind	20	CD34	1994	10000	14	2	2	sonic
LPHO03b	5	100	10	181	10	2.5	375	560	0	50	0	0	0	0	0	0	0	pooled	cellbind	20	CD34	1994	10000	14	2	2	sonic
LPHO03b	5	100	10	182	10	2.5	75	560	0	50	0	0	0	0	0	0	0	pooled	cellbind	20	CD34	1994	10000	14	2	2	sonic
JAR02	5	100	10	186	10	2.5	375	1120	0	0	0	0	0	0	0	0	0	pooled	cellbind	20	CD34	1994	10000	13	1	0	sonic
JAR02	5	100	10	187	10	2.5	375	0	1.5	0	0	0	0	0	0	0	0	pooled	cellbind	20	CD34	1994	10000	13	1	0	sonic
JAR02	5	100	10	188	10	0	375	1120	0	0	100	0	0	0	0	0	0	pooled	cellbind	20	CD34	1994	10000	13	1	0	sonic
JAR02	5	100	10	189	10	0	375	0	1.5	0	100	0	0	0	0	0	0	pooled	cellbind	20	CD34	1994	10000	13	1	0	sonic
JAR03	5	100	10	190	10	2.5	750	280	0	10	0	0	0	0	0	0	0	cb2	cellbind	20	CD34	1994	10000	13	1	1	sonic
JAR03	5	100	10	191	10	2.5	750	560	0	10	0	0	0	0	0	0	0	cb2	cellbind	20	CD34	1994	10000	13	1	1	sonic
JAR03	5	100	10	192	10	2.5	750	1120	0	10	0	0	0	0	0	0	0	cb2	cellbind	20	CD34	1994	10000	13	1	1	sonic
JAR03	5	100	10	193	10	2.5	750	280	0	50	0	0	0	0	0	0	0	cb2	cellbind	20	CD34	1994	10000	13	1	1	sonic
JAR03	5	100	10	194	10	2.5	750	560	0	50	0	0	0	0	0	0	0	cb2	cellbind	20	CD34	1994	10000	13	1	1	sonic
JAR03	5	100	10	195	10	2.5	750	1120	0	50	0	0	0	0	0	0	0	cb2	cellbind	20	CD34	1994	10000	13	1	1	sonic
JAR03	5	100	10	196	10	2.5	750	560	0	10	0	0	0	0	0	0	0	cb2	cellbind	10	CD34	1994	10000	13	1	1	sonic
JAR03	5	100	10	197	10	2.5	750	560	0	50	0	0	0	0	0	0	0	cb2	cellbind	10	CD34	1994	10000	13	1	1	sonic
JAR03	5	100	10	198	10	2.5	750	560	0	10	0	0	0	0	0	0	0	cb2	soft_fibronectin	20	CD34	1994	10000	13	1	1	sonic
JAR03	5	100	10	199	10	2.5	750	560	0	50	0	0	0	0	0	0	0	cb2	soft_fibronectin	20	CD34	1994	10000	13	1	1	sonic
LPHO03b	5	100	10	1089	0	0	0	70	0	0	100	0	0	0	0	0	0	pooled	cellbind	20	CD34	1994	10000	21	1	3	sonic
LPHO03b	5	100	10	1090	0	0	0	0	1.5	0	100	0	0	0	0	0	0	pooled	cellbind	20	CD34	1994	10000	21	1	3	sonic
LPHO03b	5	100	10	1091	10	2.5	375	280	0	0	0	0	0	0	0	0	0	pooled	cellbind	20	CD34	1994	10000	21	1	4	sonic
LPHO03b	5	100	10	1092	10	2.5	75	280	0	0	0	0	0	0	0	0	0	pooled	cellbind	20	CD34	1994	10000	21	1	3	sonic
LPHO03b	5	100	10	1093	10	2.5	375	0	1.5	0	0	0	0	0	0	0	0	pooled	cellbind	20	CD34	1994	10000	21	1	3	sonic
LPHO03b	5	100	10	1094	10	2.5	75	0	1.5	0	0	0	0	0	0	0	0	pooled	cellbind	20	CD34	1994	10000	21	1	3	sonic
LPHO03b	5	100	10	1095	10	2.5	375	0	0.75	0	0	0	0	0	0	0	0	pooled	cellbind	20	CD34	1994	10000	21	1	4	sonic
LPHO03b	5	100	10	1096	10	2.5	75	0	0.75	0	0	0	0	0	0	0	0	pooled	cellbind	20	CD34	1994	10000	21	1	4	sonic
LPHO03b	5	100	10	1097	10	2.5	375	0	1.5	50	0	0	0	0	0	0	0	pooled	cellbind	20	CD34	1994	10000	21	1	4	sonic
LPHO03b	5	100	10	1098	10	2.5	75	0	1.5	50	0	0	0	0	0	0	0	pooled	cellbind	20	CD34	1994	10000	21	1	3	sonic
LPHO03b	5	100	10	1099	10	2.5	375	0	0.75	50	0	0	0	0	0	0	0	pooled	cellbind	20	CD34	1994	10000	21	1	3	sonic
LPHO03b	5	100	10	1100	10	2.5	75	0	0.75	50	0	0	0	0	0	0	0	pooled	cellbind	20	CD34	1994	10000	21	1	3	sonic
LPHO03b	5	100	10	1101	10	2.5	375	1120	0	50	0	0	0	0	0	0	0	pooled	cellbind	20	CD34	1994	10000	21	1	3	sonic
LPHO03b	5	100	10	1102	10	2.5	75	1120	0	50	0	0	0	0	0	0	0	pooled	cellbind	20	CD34	1994	10000	21	1	3	sonic
LPHO03b	5	100	10	1103	10	2.5	375	560	0	50	0	0	0	0	0	0	0	pooled	cellbind	20	CD34	1994	10000	21	1	4	sonic
LPHO03b	5	100	10	1104	10	2.5	75	560	0	50	0	0	0	0	0	0	0	pooled	cellbind	20	CD34	1994	10000	21	1	3	sonic
JAR02	5	100	10	1111	10	2.5	750	1120	0	50	0	0	0	0	0	0	0	pooled	cellbind	20	CD34	1994	10000	21	1	4	sonic
JAR02	5	100	10	1112	10	2.5	750	0	1.5	50	0	0	0	0	0	0	0	pooled	cellbind	20	CD34	1994	10000	21	1	4	sonic
JAR02	5	100	10	1113	10	2.5	375	1120	0	50	0	0	0	0	0	0	0	pooled	cellbind	20	CD34	1994	10000	21	1	4	sonic
JAR02	5	100	10	1114	10	2.5	375	0	1.5	50	0	0	0	0	0	0	0	pooled	cellbind	20	CD34	1994	10000	21	1	4	sonic
JAR02	5	100	10	1115	10	2.5	375	1120	0	0	0	0	0	0	0	0	0	pooled	cellbind	20	CD34	1994	10000	21	1	3	sonic
JAR02	5	100	10	1116	10	2.5	375	0	1.5	0	0	0	0	0	0	0	0	pooled	cellbind	20	CD34	1994	10000	21	1	3	sonic
JAR02	5	100	10	1117	10	0	750	1120	0	50	100	0	0	0	0	0	0	pooled	cellbind	20	CD34	1994	10000	21	1	4	sonic
JAR02	5	100	10	1118	10	0	750	0	1.5	50	100	0	0	0	0	0	0	pooled	cellbind	20	CD34	1994	10000	21	1	4	sonic
JAR02	5	100	10	1119	10	0	375	1120	0	50	100	0	0	0	0	0	0	pooled	cellbind	20	CD34	1994	10000	21	1	4	sonic
JAR02	5	100	10	1120	10	0	375	0	1.5	50	100	0	0	0	0	0	0	pooled	cellbind	20	CD34	1994	10000	21	1	4	sonic
JAR02	5	100	10	1188	10	0	375	1120	0	0	100	0	0	0	0	0	0	pooled	cellbind	20	CD34	1994	10000	21	2	2	sonic
JAR02	5	100	10	1189	10	0	375	0	1.5	0	100	0	0	0	0	0	0	pooled	cellbind	20	CD34	1994	10000	21	2	2	sonic
LPHO05	5	100	10	1138	10	2.5	750	1120	0	50	0	0	0	0	0	0	0	pooled	cellbind	10	CD34	1994	10000	21	1	6	sonic
LPHO05	5	100	10	1139	10	2.5	750	1120	0	50	0	0	0	0	0	0	0	pooled	cellbind	20	CD34	1994	10000	21	1	6	sonic
LPHO05	5	100	10	1140	10	2.5	750	1120	0	50	0	0	0	5	0	0	0	pooled	cellbind	20	CD34	1994	10000	21	1	6	sonic
LPHO05	5	100	10	1141	10	2.5	750	1120	0	50	0	0	0	10	0	0	0	pooled	cellbind	20	CD34	1994	10000	21	1	6	sonic
LPHO05	5	100	10	1142	10	2.5	750	1120	0	50	0	0	0	20	0	0	0	pooled	cellbind	20	CD34	1994	10000	21	1	6	sonic
LPHO05	5	100	10	1143	10	2.5	750	1120	0	50	0	0	2	0	0	0	0	pooled	cellbind	20	CD34	1994	10000	21	1	6	sonic
LPHO05	5	100	10	1144	10	2.5	750	1120	0	50	0	0	10	0	0	0	0	pooled	cellbind	20	CD34	1994	10000	21	1	6	sonic
LPHO05	5	100	10	1145	10	2.5	750	1120	0	50	0	0	50	0	0	0	0	pooled	cellbind	20	CD34	1994	10000	21	1	6	sonic
LPHO05	5	100	10	1146	10	2.5	750	1120	0	50	0	1	0	0	0	0	0	pooled	cellbind	20	CD34	1994	10000	21	1	6	sonic
LPHO05	5	100	10	1147	10	2.5	750	1120	0	50	0	5	0	0	0	0	0	pooled	cellbind	20	CD34	1994	10000	21	1	5	sonic
LPHO05	5	100	10	2138	10	2.5	750	1120	0	50	0	0	0	0	0	0	0	pooled	cellbind	10	CD34	1994	10000	28	1	6	sonic
LPHO05	5	100	10	2139	10	2.5	750	1120	0	50	0	0	0	0	0	0	0	pooled	cellbind	20	CD34	1994	10000	28	1	6	sonic
LPHO05	5	100	10	3138	10	2.5	750	1120	0	50	0	0	0	0	0	0	0	pooled	cellbind	10	CD34	1994	10000	28	1	9	sonic
LPHO05	5	100	10	3139	10	2.5	750	1120	0	50	0	0	0	0	0	0	0	pooled	cellbind	20	CD34	1994	10000	28	1	9	sonic
LPHO05	5	100	10	4138	10	2.5	750	1120	0	50	0	0	0	0	0	0	0	pooled	cellbind	10	CD34	1994	10000	36	1	11	sonic
LPHO05	5	100	10	4139	10	2.5	750	1120	0	50	0	0	0	0	0	0	0	pooled	cellbind	20	CD34	1994	10000	36	1	11	sonic
LPHO03b	5	100	10	1167	0	0	0	70	0	0	100	0	0	0	0	0	0	pooled	cellbind	20	CD34	1994	10000	21	1	2	sonic
LPHO03b	5	100	10	1168	0	0	0	0	1.5	0	100	0	0	0	0	0	0	pooled	cellbind	20	CD34	1994	10000	21	1	2	sonic
LPHO03b	5	100	10	1169	10	2.5	375	280	0	0	0	0	0	0	0	0	0	pooled	cellbind	20	CD34	1994	10000	21	2	2	sonic
LPHO03b	5	100	10	1170	10	2.5	75	280	0	0	0	0	0	0	0	0	0	pooled	cellbind	20	CD34	1994	10000	21	2	2	sonic
LPHO03b	5	100	10	1171	10	2.5	375	0	1.5	0	0	0	0	0	0	0	0	pooled	cellbind	20	CD34	1994	10000	21	2	2	sonic
LPHO03b	5	100	10	1172	10	2.5	75	0	1.5	0	0	0	0	0	0	0	0	pooled	cellbind	20	CD34	1994	10000	21	2	2	sonic
LPHO03b	5	100	10	1173	10	2.5	375	0	0.75	0	0	0	0	0	0	0	0	pooled	cellbind	20	CD34	1994	10000	21	2	2	sonic
LPHO03b	5	100	10	1174	10	2.5	75	0	0.75	0	0	0	0	0	0	0	0	pooled	cellbind	20	CD34	1994	10000	21	2	2	sonic
LPHO03b	5	100	10	1175	10	2.5	375	0	1.5	50	0	0	0	0	0	0	0	pooled	cellbind	20	CD34	1994	10000	21	2	2	sonic
LPHO03b	5	100	10	1176	10	2.5	75	0	1.5	50	0	0	0	0	0	0	0	pooled	cellbind	20	CD34	1994	10000	21	2	2	sonic
LPHO03b	5	100	10	1177	10	2.5	375	0	0.75	50	0	0	0	0	0	0	0	pooled	cellbind	20	CD34	1994	10000	21	2	2	sonic
LPHO03b	5	100	10	1178	10	2.5	75	0	0.75	50	0	0	0	0	0	0	0	pooled	cellbind	20	CD34	1994	10000	21	2	2	sonic
LPHO03b	5	100	10	1179	10	2.5	375	1120	0	50	0	0	0	0	0	0	0	pooled	cellbind	20	CD34	1994	10000	21	2	2	sonic
LPHO03b	5	100	10	1180	10	2.5	75	1120	0	50	0	0	0	0	0	0	0	pooled	cellbind	20	CD34	1994	10000	21	2	2	sonic
LPHO03b	5	100	10	1181	10	2.5	375	560	0	50	0	0	0	0	0	0	0	pooled	cellbind	20	CD34	1994	10000	21	2	2	sonic
LPHO03b	5	100	10	1182	10	2.5	75	560	0	50	0	0	0	0	0	0	0	pooled	cellbind	20	CD34	1994	10000	21	2	2	sonic
LPFMO02	5	100	10	FMO	10	2.5	750	1120	0	50	0	0	0	0	0	0	0	pooled	cellbind	20	CD34	0	0	26	0	0	sonic
JAR04	5	100	10	200	10	2.5	75	560	0	10	0	0	0	0	0	0	0	pooled	cellbind	20	CD34	1994	10000	14	1	0	sonic
JAR04	5	100	10	201	0	2.5	0	560	0	10	0	0	0	0	0	0	0	pooled	cellbind	20	CD34	1994	10000	14	1	0	sonic
JAR04	5	100	10	202	10	2.5	0	560	0	10	0	0	0	0	0	0	0	pooled	cellbind	20	CD34	1994	10000	14	1	0	sonic
JAR04	5	100	10	203	10	2.5	375	560	0	10	0	0	0	0	0	0	0	pooled	cellbind	20	CD34	1994	10000	14	1	0	sonic
JAR04	5	100	10	204	10	2.5	750	560	0	10	0	0	0	0	0	0	0	pooled	cellbind	20	CD34	1994	10000	14	1	0	sonic
LPHO012	5	100	10	205	10	2.5	750	560	0	10	0	0	0	0	0	0	0	cb3	cellbind	20	CD34	1994	10000	14	1	1	sonic
LPHO012	5	100	10	206	10	2.5	375	560	0	10	0	0	0	0	0	0	0	cb3	cellbind	20	CD34	1994	10000	14	1	1	sonic
LPHO012	5	100	10	207	10	2.5	75	560	0	10	0	0	0	0	0	0	0	cb3	cellbind	20	CD34	1994	10000	14	1	1	sonic
LPHO012	5	100	10	208	10	2.5	0	560	0	10	0	0	0	0	0	0	0	cb3	cellbind	20	CD34	1994	10000	14	1	1	sonic
LPHO012	5	100	10	209	0	2.5	0	560	0	10	0	0	0	0	0	0	0	cb3	cellbind	20	CD34	1994	10000	14	1	1	sonic
LPHO012	5	100	10	210	0	0	0	70	0	0	100	0	0	0	0	0	0	cb3	cellbind	20	CD34	1994	10000	14	1	1	sonic
JAR03	5	100	10	211	10	2.5	750	560	0	50	0	0	0	0	0	0	0	cb1	cellbind	20	CD34	1994	10000	13	1	1	sonic
JAR03	5	100	10	212	10	2.5	750	560	0	50	0	0	0	0	0	0	0	cb2	cellbind	20	CD34	1994	10000	13	1	1	sonic
JAR02	5	100	10	213	10	2.5	750	1120	0	0	0	0	0	0	0	0	0	pooled	cellbind	20	CD34	1994	10000	13	2	0	sonic
JAR02	5	100	10	214	10	2.5	750	0	1.5	0	0	0	0	0	0	0	0	pooled	cellbind	20	CD34	1994	10000	13	2	0	sonic
JAR02	5	100	10	215	10	0	0	0	0	0	0	0	0	0	0	0	0	pooled	cellbind	20	CD34	1994	10000	13	2	0	sonic
LPHO013	5	100	10	216	0	0	0	67	0	0	111	0	0	0	0	0	0	pooled	cellbind	20	CD34	1994	10000	14	1	1	sonic
LPHO013	5	100	10	217	5.94	0.44	12	0	0	47	5	1	0	0	0	0	0	pooled	cellbind	10	CD34	1994	10000	14	1	1	sonic
LPHO013	5	100	10	218	6.83	0.55	22	0	0	50	6	1	0	0	0	0	0	pooled	cellbind	10	CD34	1994	10000	14	1	1	sonic
LPHO013	5	100	10	219	10.4	2.7	235	1	0	1	0	0	0	0	0	0	0	pooled	cellbind	10	CD34	1994	10000	14	1	1	sonic
LPHO013	5	100	10	220	9.1	2.2	174	0	0	3	0	0	0	0	0	0	0	pooled	cellbind	10	CD34	1994	10000	14	1	1	sonic
LPHO013	5	100	10	221	10.2	2.4	49	0	0	40	0	0	0	0	0	0	0	pooled	cellbind	14	CD34	1994	10000	14	1	1	sonic
LPHO013	5	100	10	222	7.1	3.4	579	1480	0	59	0	0	50	0	0	0	0	pooled	cellbind	20	CD34	1994	10000	14	1	1	sonic
LPHO013	5	100	10	223	8.7	2.5	755	1064	0	51	0	0	0	14.2	0	0	0	pooled	cellbind	14	CD34	1994	10000	14	1	1	sonic
LPHO013	5	100	10	224	8.7	2.5	754	1081	0	51	0	0	0	14.8	0	0	0	pooled	cellbind	14	CD34	1994	10000	14	1	2	sonic
LPHO013	5	100	10	225	9.2	2.2	997	1120	0	57	0	0	0	0.6	0	0	0	pooled	cellbind	20	CD34	1994	10000	14	1	1	sonic
LPHO013	5	100	10	226	8.6	2.4	928	736	0.2	58	0	0	0	0	0	0	0	pooled	cellbind	20	CD34	1994	10000	14	1	1	sonic
LPHO013	5	100	10	227	8.6	2.4	927	736	0.2	58	0	0	0	0	0	0	0	pooled	cellbind	20	CD34	1994	10000	14	1	1	sonic
LPHO013	5	100	10	228	9.2	2.2	997	1120	0	57	0	0	0	0.6	20	0	0	pooled	cellbind	20	CD34	1994	10000	14	1	1	sonic
LPHO013	5	100	10	229	9.2	2.2	997	1120	0	57	0	0	0	0.6	2	0	0	pooled	cellbind	20	CD34	1994	10000	14	1	1	sonic
LPHO013	5	100	10	230	9.2	2.2	997	1120	0	57	0	0	0	0.6	0	0	0	pooled	cellbind	20	CD34	1994	10000	14	1	1	sonic
LPHO013	5	100	10	231	10	2.5	750	560	0	10	0	0	0	0	20	0	0	pooled	cellbind	20	CD34	1994	10000	14	1	1	sonic
LPHO013	5	100	10	232	10	2.5	750	560	0	10	0	0	0	0	2	0	0	pooled	cellbind	20	CD34	1994	10000	14	1	1	sonic
LPHO013	5	100	10	233	10	2.5	750	560	0	10	0	0	0	0	0	0	0	pooled	cellbind	20	CD34	1994	10000	14	1	1	sonic
LPHO013	5	100	10	234	10	2.5	750	560	0	10	0	0	0	0	0	20	0	pooled	cellbind	20	CD34	1994	10000	14	1	1	sonic
LPHO013	5	100	10	235	10	2.5	750	560	0	10	0	0	0	0	0	2	0	pooled	cellbind	20	CD34	1994	10000	14	1	1	sonic
LPHO013	5	100	10	236	10	2.5	750	560	0	10	0	0	0	0	0	0	0	pooled	cellbind	20	CD34	1994	10000	14	1	1	sonic
LPHO013	5	100	10	237	10	2.5	750	560	0	10	0	0	0	0	10	10	0	pooled	cellbind	20	CD34	1994	10000	14	1	1	sonic
LPHO013	5	100	10	238	10	2.5	750	560	0	10	0	0	0	0	1	1	0	pooled	cellbind	20	CD34	1994	10000	14	1	1	sonic
LPHO014	5	100	10	239	0	0	0	66.54	0	0	110.51	0	0	0	0	0	0	pooled	cellbind	20	CD34	1994	10000	14	4	1	sonic
LPHO014	5	100	10	240	5.94	0.44	12.45	0	0	47.13	5.03	1.27	0	0	0	0	0	pooled	cellbind	10	CD34	1994	10000	14	2	1	sonic
LPHO014	5	100	10	241	10.4	2.7	235	0.8	0	1.3	0	0	0	0	0	0	0	pooled	cellbind	10	CD34	1994	10000	14	2	1	sonic
LPHO014	5	100	10	242	9.1	2.2	173.5	0.2	0	3.2	0	0	0	0	0	0	0	pooled	cellbind	10	CD34	1994	10000	14	2	1	sonic
LPHO014	5	100	10	243	7.1	3.4	579.2	1479.7	0	58.9	0	0.4	50	0	0	0	0	pooled	cellbind	20	CD34	1994	10000	14	4	1	sonic
LPHO014	5	100	10	244	8.7	2.5	755.2	1064.1	0	51	0	0.3	0	14.2	0	0	0	pooled	cellbind	13.5	CD34	1994	10000	14	1	1	sonic
LPHO014	5	100	10	245	9.2	2.2	997.3	1120.2	0	57.2	0	0	0.1	0.6	0	0	0	pooled	cellbind	20	CD34	1994	10000	14	4	1	sonic
LPHO014	5	100	10	246	8.6	2.4	927.9	735.6	0.2	57.7	0	0	0	0	0	0	0	pooled	cellbind	20	CD34	1994	10000	14	4	1	sonic
LPHO014	5	100	10	247	10.00	2.50	750	560	0	10	0	0	0	0	0	0	0	pooled	cellbind	20	CD34	1994	10000	14	5	1	sonic
LPHO014	5	100	10	248	6.83	0.55	21.97	0.26	0	50.36	5.63	1.21	0	0	0	0	0	pooled	cellbind	10	CD34	1994	10000	14	2	1	sonic
LPHO014	5	100	10	249	10.2	2.4	49.2	0	0	39.6	0	0.5	0	0	0	0	0	pooled	cellbind	13.5	CD34	1994	10000	14	1	1	sonic
LPHO014	5	100	10	250	8.7	2.5	754.3	1080.6	0	50.8	0	0.2	0	14.8	0	0	0	pooled	cellbind	13.5	CD34	1994	10000	14	1	1	sonic
LPHO014	5	100	10	251	10.1	0.1	610.2	0	1.6	41	96.3	0	0.1	0	0	0	0	pooled	cellbind	20	CD34	1994	10000	14	4	1	sonic
LPHO014	5	100	10	252	9.2	2.2	997.3	1120.2	0	57.2	0	0	0.1	0.6	0	0	15	pooled	cellbind	20	CD34	1994	10000	14	3	0	sonic
LPHO014	5	100	10	253	9.2	2.2	997.3	1120.2	0	57.2	0	0	0.1	0.6	0	0	1.5	pooled	cellbind	20	CD34	1994	10000	14	3	0	sonic
LPHO014	5	100	10	254	10	2.5	750	560	0	10	0	0	0	0	0	0	15	pooled	cellbind	20	CD34	1994	10000	14	5	0	sonic
LPHO014	5	100	10	255	10	2.5	750	560	0	10	0	0	0	0	0	0	1.5	pooled	cellbind	20	CD34	1994	10000	14	5	0	sonic
LPHO014	5	100	10	256	10	2.5	750	560	0	10	0	0	0	0	0	20	0	pooled	cellbind	20	CD34	1994	10000	14	5	1	sonic
LPHO014	5	100	10	257	10	2.5	750	560	0	10	0	0	0	0	0	2	0	pooled	cellbind	20	CD34	1994	10000	14	5	1	sonic
LPHO014	5	100	10	258	10	2.5	750	560	0	10	0	0	0	0	0	0.2	0	pooled	cellbind	20	CD34	1994	10000	14	5	1	sonic
LPHO014	5	100	10	259	10	25	750	560	0	10	0	0	0	0	0	0	0	pooled	cellbind	20	CD34	1994	10000	14	3	1	sonic
LPHO014	5	100	10	260	10	100	750	560	0	10	0	0	0	0	0	0	0	pooled	cellbind	20	CD34	1994	10000	14	3	1	sonic
